above,abuv
abuse,abues
abuse,abuez 
accept,acsept
acceptance,acseptunse
accident,acsident
accidentally,acsidently
account,acount
accurate,accuerate
ace,ase
ache,ake
achieve,acheve
acid,assid
acknowledge,acnollege
active,activ
actor,acter 
addition,adition
ado,adu
affair,afair
affect,afect
afford,aford
again,agan
against,aganst
aggressive,agressiv
allow,alow
alright,allriet
also,allso
although,altho
although,alltho
amateur,ammature  
analize,annalize
ancestor,ansesster
anchor,ancer
ancient,anchent
ancor,ancer
annihilate,anialate
announce,anounse
another,anuther
answer,anser
anyone,anywone
apparel,apairel
apparent,apairent
appeal,apeel
appear,apeer 
appearance,apeerunse
applaud,aplaud
apply,aply
appoint,apoint
approve,aproove
architect,arcitect
are,ar 
area,airea
aren't,arn't
arena,areena
argument,arguement
arrange,arange
arrest,arest
arrive,arive
arrow,airo
as,az
ascend,asend
assassinate,asassinate
assist,asist
assume,asume
assure,ashure
asthma,azma 
attempt,atempt
attend,atend
attendance,atendanse
attention,atention
attentive,atentive
attractive,atractive
autumn,autum 
average,avrage
awe,aw
awkward,awkwerd 
axe,ax 	
balance,ballanse
balloon,baloon
balm,bolm
bare,bair
bargain,bargin
barrel,bairel
barren,bairen
basically,basicly
beach,beach
bear,berr
bear,bair
beard,beerd
beast,beest
beautiful,buetiful
beauty,buety
because,becauze
become,becom
bedspread,bedspred
bedstead,bedsted
been,ben
beggar,begger
beginning,begining
being,being
believe,beleve
below,belo
benefit,bennefit
bicycle,bysicle
billow,billo
birch,berch
bird,berd
birth,berth
birthday,berthday
biscuit,bisscit
blizzard,blizzerd
blood,blud
blow,blo
blown,bloen
blue,blu
bluebird,bluberd
borrow,barro
bough,bou
bought,baut
boulevard,boolevard
bow,bo
bow,boe and airo
bow,boe
break,braik
breast,brest
breath,breth
breathe,breethe
breeze,breeze
brief,breef 
bright,brite
brother,bruther
brought,braut
bruise,brooze
buffet,buffay
build,bild
builder,bilder
building,bilding
bureau,buero
bureau,buero	
bureaucrat,buerocrat
bureaucrat,bureocrat
burn,bern
burst,berst
business,bizness
busy,bizzy
buy, biy
caffeine,caffene
calendar,callender
calm,colm
cancel,cansel
canoe,canoo
captain,captin 
carat,cairat
care,cair
carefree,cairfree
careless,cairless
carriage,cairage
carrot,cairot
carry,cairy
castle,cassle
caterpillar,catterpiller
caught,caut
cause,cauze
cedar,ceeder
ceiling,seeling
celebrate,sellebrate
cemetery,semmeterry
century,sentury
cereal,seereal
certain,sertin
chance,chanse
chaos,cayoss
chaplain,chaplin
character,cairacter
cheap,cheap
cheese,cheeze 
cheese,cheeze
chef,shef
cherish,cherrish
chief,cheef
chipped,chipt
choice,choise
cholera,collera
cholic,collic
chopped,chopt
chronic,cronnic 
church,cherch
circle,sercle
circular,sercueler
circus,sercus
cittizen,sittizen
civil,sivil
clapped,clapt
clean,cleen
clear,cleer
climb,clime
clinic,clinnic
clipped,clipt
clue,clew
collar,coller
colleague,colleeg
collect,colect
colonel,cernel
colony,collony
color,culler
column,collum 
comb,coam
come,com
commit,comitt
committee,comitty
compare,compair
compass,cumpus
compliment,complement
comrade,comrad
conceal,conseel 
concede,consede
conceive,conseve
concentrate,consentrate
concern,consern
conductor,conducter
connect,conect
conscience,conchense
conscious,conchus
consider,considder
correct,corect
corrupt,corupt
cough,cauf
could,cood
council,counsil
country,cuntry
couple,cupple
coupon,cuepon
courage,cerage 
court,coart
courteous,certius
courtesy,certesy
cousin,cuzzin
cover,cuver
cream,creem
crease,creese
create,creeate
credit,creddit
crescent,cressent
criticize,crittisize
crow,cro 
cruise,crooze
crumbs,crums
cue,cue	
curious,cuerius
curl,cerl
current,cerent
curse,cerse
curtain,certin
curve,cerv
cycle,sycle
daily,dayly
dance,danse
dangerous,dangerus
daughter,dauter
dead,ded 
deaf,def
deal,deel
dealt,delt
dear,dear
death,deth
debt,det
deceased,deseesed
deceive,deseve
decent,deesent
decide,deside
declare,declair
decrease,decreese
dedicate,deddicate
deduct,deduct
defeat,defeet
defect,deefect 
denounce,denounse
descend,desend
descent,desent
desert,dezzert
deserve,dezerv
dessert,dezert
destructive,destructiv
device,devise
devise,devize
diarrhea,diarea
dice,dise
dictionary,dictionerry
different,diffrent
dirt,dert
disappear,dissapeer
disappear,dissapeer 
disappoint,dissapoint
disapprove,dissaproove
discipline,dissiplin
discourage,discerage
discover,discuver
discovery,discuvry
disease,diseeze
distance,distunse
disturb,disterb
do,du
does,duz
dollar,doller
door,doar
dosen't,duzn't
double,dubble
doubt,dout
dough,doh
dove,duv
dozen,duzzin
dream,dreem
dropped,dropt
duet,dooett
dumb,dum
dumbbell,dumbell
each,eech
eager,eeger
ear,eer
early,erly  
earn,ern
earnest,ernest
earth,erth
ease,eeze
east,eest
easy,eezey
eat,eet 
echo,ecco
effect,efect
effort,effert
eight,ait
either,eether
elbow,elbo
elementary,ellementry
elevator,ellevater
elsewhere,elsewherr
embarrass,embairas
encourage,encerage
enemy,ennemy
engine,engin
enhance,enhanse
entrance,entrunse
envious,envius
equal,eequal
equator,equater
essential,esential
euphoria,ueforia	
even,eeven 
every,evry
everybody,evryboddy
everyday,evryday
everyone,evrywun 
everything,evrything
everywhere,evrywherr
evil,eevil 
excel,exsell
excellent,exsellent
except,exsept
excess,exsess
excite,exsite
excuse,excues
excuse,excuez
exercise,exersize
eye,iye
face,fase
fallacy,fallasy
famous,famus 	
fancy,fansy
fare,guarantee
fashion,fashon
father,fother
faucet,fauset
favor,faver
favorite,faverit 
fear,feer
feast,feest
feather,fether
February,Febuary
fellow,fello
fence,fense
fever,feever
few,fue
field,feeld
fierce,feerse
finally,finaly
first,ferst
flight,flite
flood,flud
flourish,flerish
flow,flo
flue,flu
flurry,flery
foliage,folage
follow,follo
force,forse
foreign,forren
forfeit,forfit
forward,forwerd
fought,faut
four,foar
freeze,freeze
freight,frate
frequent,freequent
friend,frend
friendly,frendly
fright,frite
frolic,frollik
front,frunt
fruit,froot
fulfill,fullfill
fumes,fuems
fur,fer
further,ferther
gauge,gage 
gear,geer
genealogy,geeneollogy
generica,generric
generous,gennerus
genie,geenie
genius,geenius 
gherkin,gerkin
ghost,gost 
giraffe,giraff
girl,gerl
give,giv
glacier,glasier
glamorous,glammerus
glamour,glammer
glance,glanse
gloves,gluvs
glow,glo
glue,glu
gnaw,naw 
gone,gon
gorgeous,gorgus
grace,grase
gracious,graishus
grammar,grammer 
grease,greeze 
grease,greese
grease,greeze
grief,greef
grieve,greve
grocer,groser 
grow,gro 
grown,groen 
guard,gard
guess,gess
guest,gest
guidance,gidunse
guide,gide
guilt,gilt
guitar,gitar
half,haff
hamburger,hamberger
harbor,harber
haughty,hauty
have,hav
haven't,havn't 
head,hed	
heal,heal
health,helth 
heap,heep
hear,heer
hearse,herse
heart,hart
heartache,hartake
heave,heve
heaven,heven 
height,hite
holiday,holliday
hollow,hollo
honest,onnest
honey,hunny
honor,onner
hour,owr
hover,huver
huge,huege
human,hueman 	
humor,huemer
hurry,hery
hurt,hert
I've,I'v
ice,ise
icy,isey
icycle,isicle	
immediate,imeediate
incident,insident
incidental,insidental
increase,increese
inherit,inherrit
instead,insted
interfere,interfeer
into,intu
invalid,invallid
island,iland
isle,ile
jealous,jellus
jealousy,jellusy
jeans,jeens
journal,jernal
journalism,jernalism
journalist,jernalist
journey,jerney
judgment,judgement
juice,joose
justice,justis
khaki,kaki
knack,nack
knapsack,napsack
knee,nee	
kneel,neel
knew,nu
knickknack,nicknack 
knife,nife
knit,nitt
knives,nives
knob,nob
knock,nock
knoll,noll
knot,nott
knott,nott
know,noe
knowledge,nollege
known,noen
knuckle,nuckle
labor,laber
lace,lase
laugh,laff
lead,leed
leader,leeder
leaf,leef
leap,leep
learn,lern
least,leest 
leather,lether
leave,leve
leisure,leeshure
liberty,libberty
library,librerry
license,lisense
light,lite
limb,lim
listen,lissen
liter,leeter
live,liv	
lollipop,lollypop
lose,looze
love,luv
low,lo
lurch,lerch
mapped,mapt
marriage,mairage
marry,mairy
marshmallow,marshmallo
martyr,marter
marvelous,marvelus
meadow,meddo
meal,meel
mean,meen
meant,ment
measles,meezles
measure,meshure
meat,meat
meazles,meezles
medieval,medeeval
mellow,mello
melon,mellon
menu,menue
mercy,mersy
mice,mise
miffed,mifft
might,miet
military,milliterry
millennium,milennium
millionnaire,millionair
minnow,minno 
minute,minnit
mischievious,misschivus 
monarch,monnark
money,munny
mopped,mopt
morgue,morg
mother,muther
motor,moter
mountain,mountin
move,moove
movie,moovey
mow,mo
mower,moer	
murder,merder
murmur,mermer 
muscle,mussle
music,muezic 
mystery,mistry
mystic,mistic
myth,mith
napped,napt
narrow,nairo
naughty,nauty
near,neer
neat,neet
necessary,nesseserry
neither,neether
nephew,neffew
nerve,nerv
nervous,nervus
network,netwerk
nice,nise
niece,neese
night,nite
nipped,nipt
noise,noize
notice,notis
nourish,nerish
nowhere,nowherr
numb,num
nurse,nerse
oatmeal,oatmeel
obvious,obvius
occur,ocurr
occurrence,ocurrense
office,offis
once,wunse
one,wun
operate,opperate
opportunity,oppertoonity
oppose,opoze
opposite,opposite
orchestra,orcestra
ordinary,ordinerry
other,uther
ought,aut
owe,oe
own,oen
owner,oener
pace,pase
palm,polm
panic,pannik
paragraph,pairagraff
parallel,pairalell
parasite,pairasite
pare,pare
parent,pairent
parrot,pairot
participate,partissipate
pastel,passtell
pastime,passtime
pavilion,pavillion
pea,pea
peace,pease
peach,peech
peanut,peanut
pearl,perl 
peeve,peve
pencil,pensil 
people,peeple
perceive,perseve
period,peeriod
perish,perrish
personnel,personell
phase,faze
photo,foto
picnic,piknik
piece,peese
pierce,peerse	
pierce,peerse
pillow,pillo
pity,pitty
place,plase
plague,plaig
plaid,plad
plead,pleed
pleasant,plezzunt
please,pleeze
pleasure,pleshure
pleat,pleet
pneumonia,noomoenia 
police,polese
policy,pollisy
polish,pollish
popped,popt
populate,poppuelate
possess,poesess
poultry,poaltry
pounce,pounse
pour,poar
practically,practicly
practice,practis
prance,pranse
preach,preech 
precedent,pressedent
prepare,prepair
prepped,prept
present,prezzent
present,prezent
present,prezzent
presssure,preshure
pretty,pritty
preview,preevue
price,prise
priest,preest
primary,primerry
primer,primmer
prince,prinse
princess,prinsess
proceed,proeseed
produce,proedoose
pronounce,proenounse
proper,propper
propped,propt
psalm,solm
psychology,sycollogy
pupil,puepil
purple,perple
purpose,perppos
purse,perse
questionnaire,questionair
queue,que
race,rase
racquetball,raccetball
rainbow,rainbo
raspberry,razberry
reach,reech
react,reeact
read,redd
ready,reddy 
real,real
really,realy
reap,reep
rear,reer
reason,reezon
reason,reeson
rebel,rebbel
rebel-,rebell
rebuild,reebild
receipt,reseet 
receipt,reseet
receive,reseve 
receive,reseve
recipe,ressipee
recommend,reccomend
record,reccerd
recover,recuver
recovery,recuvry
refill,reefill
refuse,refuez
refuse,reffues
region,reegon
relative,rellativ
release,releese
relief,releef
relieve,releve
religion,religon
reminisce,remminiss
replace,replase
reserve,rezerv
restaurant,ressturont
retrieve,retreve
reveal,reveel
rhubarb,roobarb
rhumba,rumba
rhyme,rime
rhythm,rithum
rice,rise 
right,riet
ripped,ript
rise,rize
romance,romanse
rough,ruff
route,roote 
routine,rootene
row,ro
said,sed
says,sez
scarce,scairse
scare,scair
scholar,scoller
school,scool
science,siense 
science,siense
scientist,sientist
scissors,sizzers
scream,screem	
search,serch
season,seezon
seat,seet 
secret,seecret
secretary,seccreterry
seize,seeze
senior,seenior 
sentence,sentense
sergeant,sargent
service,servis
several,sevral
shadow,shaddo
shallow,shallo
shield,sheeld
shirt,shert
sholder,shoalder
shopped,shopt
should,shood
shouldn't,shoodn't
shove,shuv
show,sho
sight,siet
similar,simmiler
since,sinse 
sincere,sinseer
sir,ser
ski,skee
slapped,slapt
slaughter,slauter
sleeve,sleve
sleeze,sleeze
sleigh,sley
slipped,slipt
slow,slo
slowly,sloly
sneeze,sneeze
snow,sno 
snowflake,snoflake
some,som
somebody,somboddy
someone,somwun
something,somthing
sorrow,sarro 
sorry,sarry
soup,soop
space,spase
spare,spair
sparrow,spairo
speak,speek
specify,spessify
spew,spue
spread,spred
squirm,squerm
stationary,stationairy
stationary,stationerry
steady,steddy
steal,steal
stepped,stept
sterio,sterreo
stopped,stopt
straight,strate
strapped,strapt
stream,streem
stripped,stript
student,stuedent
studious,stoodius
stupid,stuepid
success,sucsess
sugar,shooger
supply,suply
suppose,supoze
sure,shure
surface,serfis
surgeon,sergon
surprise,serprize
swallow,swollo
swamp,swomp
swap,swop
swapped,swopt
swat,swot
sweat,swet
sword,sord
sympathy,simpathy
symptom,simptom
system,sistem
tapped,tapt
tares,tares â€“ nc
tarry,tairy
tattoo,tatoo
taught,taut
teach,teech
teal,teel
team,team
tear,teer
tear,tair
teardrop,teerdrop
tease,teeze
technical,tecnical 
technique,tecneek
technology,tecnollogy
telephone,tellefone
therapy,therrapy
there,therr
therefore,therrfore
these,theeze 
these,theeze
they're,they'r
they've,they'v
thief,theef
third,therd
thirty,therty
those,thoze
though,tho
thought,thaut
thread,thred
threat,thret
through,thru
throw,thro
thumb,thum
tight,tite
timid,timmid
tipped,tipt
to,tu
tomb,toom
tomorrow,tumarro
ton,tun
tongue,tung
topped,topy
topped,topt
touch,tuch
trace,trase
traffic,traffik
trance,transe
trapped,trapt
treacherous,trecherus
tread,tred
treasure,treshure
treat,treet
treaty,treety 
tricycle,trysicle
tripped,tript
trophy,trofy
trouble,trubble
true,tru
turkey,terkey
turn,tern 
turtle,tertle
twelve,twelv
twice,twise
two,tew
type,tipe
typical,tippical
uncover,uncuver
uniform,ueniform
union,uenion
unit,uenit
unite,uenite
unity,uenity
until,untill
upped,upt
urge,erge
urgent,ergent
use,uez 
use,ues
vaccinate,vacsenate
vaccine,vacsene
various,vairius
vary,vairy
vegetable,vegtable
very,verry
view,vue
villain,villan
visitor,vizziter
vocabulary,vocabbuelerry
voice,voise
wad,wod
wallet,wollet
wallop,wollop
wallow,wollo
wand,wond
wash,wosh
wasp,wosp
watch,wotch
water,wotter
we're,we'r
we've,we'v
weak,weak
wealth,welth
weapon,weppon
weary,weery
weather,wether 
weave,weve
Wednesday,Wensday 
weigh,wey
weight,weyt
weird,weerd
weirdo,weerdo
welcome,welcom 
were,wer
weren't,wern't 
what,whot
whatever,whotever
whatnot,whotnot
wheat,wheet
where,wherr
whirl,wherl
whistle,whissle
who,hoo
who's,hoo/'s
who's,hoo's
whole,hol
wholesome,holsom
whom,hoom 
whom,hoom
whose,hooze
widow,widdo
widow,widdo 
wield,weeld
wiener,weener
willow,willo
window,windo
wizard,wizzerd
word,werd
work,werk
world,werld
worm,werm
worry,wery
worth,werth
would,wood
wouldn't,woodn't
wound,woond
wrapped,wrapt
wrath,rath
wreath,reeth
wreck,reck 
wren,ren 
wrestle,ressle
wretch,retch 
wrinkle,rinkle
wrist,rist
wrong,rong 
yacht,yott 
yeast,yeest
yellow,yello 
yogurt,yogert
you,yu
you'll,yu'll 
you're,yu'r 
you've,yu've
young,yung
your,yuer
yours,yuers
youth,yooth 
zapped,zapt
zeal,zeel
zealot,zellot
zealous,zellus
zelous,zellus
