TS,soundSpel,note,Rondthaler,pronunciation,longNote,multipleTS,multipleSS,alternatives,British
A [ae],A [ae],,,,,,,,
aa,aa’aa,*,,,,,,,
aah,aa,,,,,,,,
aback,abak,,,,,,,,
abacus,abacus,,,,,,,,
abaft,abaft,,,,,,,,
abalone,abaloeny,,,,,,,,
abandon,abandon,,,,,,,,
abandoned,abandond,,,,,,,,
abandoning,abandoning,,,,,,,,
abandonment,abandonment,,,,,,,,
abandonments,abandonments,*,,,,,,,
abandons,abandons,,,,,,,,
abase,abaess,,,,,,,,
abasement,abaesment,,,,,,,,
abashed,abasht,,,,,,,,
abate,abaet,,,,,,,,
abated,abaeted,,,,,,,,
abatement,abaetment,,,,,,,,
abatements,abaetments,,,,,,,,
abates,abaets,,,,,,,,
abating,abaeting,,,,,,,,
abattoir,abatwar,,,,,,,,
abbe,abae,,,,,,,,
abbes,abaes,,,,,,,,
abbess,abes,,,,,,,,
abbey,aby,,,,,,,,
abbeys,abys,,,,,,,,
abbot,abot,,,,,,,,
abbots,abots,,,,,,,,
abbreviate,abreeviaet,,,,,,,,
abbreviated,abreeviaeted,,,,,,,,
abbreviates,abreeviaets,,,,,,,,
abbreviating,abreeviaeting,,,,,,,,
abbreviation,abreeviaeshon,,,,,,,,
abbreviations,abreeviaeshons,,,,,,,,
abdicate,abdicaet,,,,,,,,
abdicated,abdicaeted,,,,,,,,
abdicates,abdicaets,,,,,,,,
abdicating,abdicaeting,,,,,,,,
abdication,abdicaeshon,,,,,,,,
abdications,abdicaeshons,,,,,,,,
abdomen,abdomen,,,,,,,,
abdomens,abdomens,,,,,,,,
abdominal,abdominal,,,,,,,,
abdominally,abdominaly,,,,,,,,
abduct,abdukt,,,,,,,,
abducted,abdukted,,,,,,,,
abducting,abdukting,,,,,,,,
abduction,abdukshon,,,,,,,,
abductions,abdukshons,,,,,,,,
abductor,abduktor,,,,,,,,
abductors,abduktors,,,,,,,,
abducts,abdukts,,,,,,,,
abed,abed,,,,,,,,
aberrance,aberranss,,,,,,,,
aberrant,aberrant,,,,,,,,
aberrantly,aberrantly,,,,,,,,
aberration,aberaeshon,,,,,,,,
aberrational,aberaeshonal,,,,,,,,
aberrations,aberaeshons,,,,,,,,
abet,abet,,,,,,,,
abets,abets,,,,,,,,
abetted,abeted,,,,,,,,
abetting,abeting,,,,,,,,
abettor,abetor,,,,,,,,
abeyance,abaeanss,,,,,,,,
abhor,abor,,,,,,,,
abhored,abord,,,,,,,,
abhorrence,aborenss,,,,,,,,
abhorrent,aborent,,,,,,,,
abhorrently,aborently,,,,,,,,
abhorring,aboring,,,,,,,,
abhors,abors,,,,,,,,
abide,abied,,,,,,,,
abides,abieds,,,,,,,,
abiding,abieding,,,,,,,,
Abigail,Abigael,,,,,,,,
abilities,abilitys,,,,,,,,
ability,ability,,,,,,,,
abject,abjekt,,,,,,,,
abjection,abjekshon,,,,,,,,
abjections,abjekshons,,,,,,,,
abjectly,abjektly,,,,,,,,
abjuration,abjuuraeshon,,,,,,,,
abjurations,abjuuraeshons,,,,,,,,
abjure,abjuur,,,,,,,,
abjured,abjuurd,,,,,,,,
abjures,abjuurs,,,,,,,,
abjuring,abjuuring,,,,,,,,
ablate,ablaet,,,,,,,,
ablated,ablaeted,,,,,,,,
ablates,ablaets,,,,,,,,
ablating,ablaeting,,,,,,,,
ablation,ablaeshon,,,,,,,,
ablations,ablaeshons,,,,,,,,
ablative,ablativ,,,,,,,,
ablatives,ablativs,,,,,,,,
ablaze,ablaez,,,,,,,,
able,aebl,,,,,,,,
abler,aebler,,,,,,,,
ables,aebls,*,,,,,,,
ablest,aeblest,,,,,,,,
abling,aebling,*,,,,,,,
ablution,ablooshon,,,,,,,,
ablutions,ablooshon,,,,,,,,
ably,aebly,,,,,,,,
abnegate,abnegaet,,,,,,,,
abnegated,abnegaeted,,,,,,,,
abnegates,abnegaets,,,,,,,,
abnegating,abnegaeting,,,,,,,,
abnegation,abnegaeshon,,,,,,,,
abnegations,abnegaeshons,,,,,,,,
abnormal,abnormal,,,,,,,,
abnormalities,abnormalitys,,,,,,,,
abnormality,abnormality,,,,,,,,
abnormally,abnormaly,,,,,,,,
aboard,abord,,,,,,,,
abode,aboed,,,,,,,,
abodes,aboeds,,,,,,,,
abolish,abolish,,,,,,,,
abolished,abolisht,,,,,,,,
abolishes,abolishes,,,,,,,,
abolishing,abolishing,,,,,,,,
abolition,abolishon,,,,,,,,
abolitionism,abolishonizm,,,,,,,,
abolitionist,abolishonist,,,,,,,,
abolitionists,abolishonists,,,,,,,,
abominable,abominabl,,,,,,,,
abominably,abominably,,,,,,,,
abomination,abominaeshon,,,,,,,,
abominations,abominaeshons,,,,,,,,
aboriginal,aborijinal,,,,,,,,
aborigine,aborijinee,,,,,,,aborijiny,
aborigines,aborijinees,,,,,,,aborijinys,
abort,abort,,,,,,,,
aborted,aborted,,,,,,,,
aborting,aborting,,,,,,,,
abortion,aborshon,,,,,,,,
abortionist,aborshonist,,,,,,,,
abortionists,aborshonists,,,,,,,,
abortions,aborshons,,,,,,,,
abortive,abortiv,,,,,,,,
abortively,abortivly,,,,,,,,
aborts,aborts,,,,,,,,
abound,abound,,,,,,,,
abounded,abounded,,,,,,,,
abounding,abounding,,,,,,,,
abounds,abounds,,,,,,,,
about,about,,,,,,,,
above,abuv,,,,,,,,
aboveboard,abuvbord,,,,,,,,
aboveground,abuvground,,,,,,,,
abovementioned,abuvmenshond,,,,,,,,
abrade,abraed,,,,,,,,
abraded,abraeded,,,,,,,,
abrader,abraeder,,,,,,,,
abraders,abraeders,,,,,,,,
abrades,abraeds,,,,,,,,
abrading,abraeding,,,,,,,,
abrasion,abraezhon,,,,,,,,
abrasions,abraezhons,,,,,,,,
abrasive,abraesiv,,,,,,,,
abrasively,abraesivly,,,,,,,,
abrasiveness,abraesivnes,,,,,,,,
abreact,abreakt,,,,,,,,
abreacted,abreakted,,,,,,,,
abreacting,abreakting,,,,,,,,
abreaction,abreakshon,,,,,,,,
abreactions,abreakshons,,,,,,,,
abreacts,abreakts,,,,,,,,
abreast,abrest,,,,,,,,
abridge,abrij,,,,,,,,
abridged,abrijd,,,,,,,,
abridgement,abrijment,,,,,,,,
abridgements,abrijments,,,,,,,,
abridges,abrijes,,,,,,,,
abridging,abrijing,,,,,,,,
abroad,abraud,,,,,,,,
abrogate,abrogaet,,,,,,,,
abrogated,abrogaeted,,,,,,,,
abrogates,abrogaets,,,,,,,,
abrogating,abrogaeting,,,,,,,,
abrogation,abrogaeshon,,,,,,,,
abrogations,abrogaeshons,,,,,,,,
abrupt,abrupt,,,,,,,,
abruptly,abruptly,,,,,,,,
abruptness,abruptnes,,,,,,,,
abscess,absess,,,,,,,,
abscesses,abseses,,,,,,,,
abscissa,absisa,,,,,,,,
abscissas,absisas,,,,,,,,
abscond,abscond,,,,,,,,
absconded,absconded,,,,,,,,
absconder,absconder,,,,,,,,
absconders,absconders,,,,,,,,
absconding,absconding,,,,,,,,
absconds,absconds,,,,,,,,
absent,absent,,,,,,,,
absented,absented,,,,,,,,
absentee,absentee,,,,,,,,
absenteeism,absenteeizm,,,,,,,,
absentees,absentees,,,,,,,,
absentia,absensha,,,,,,,,
absently,absently,,,,,,,,
absentminded,absentmiended,,,,,,,,
absentmindedly,absentmiendedly,,,,,,,,
absentmindedness,absentmiendednes,,,,,,,,
absinthe,absinth,,,,,,,,
absolute,absoloot,,,,,,,,
absolutely,absolootly,,,,,,,,
absoluteness,absolootnes,,,,,,,,
absolutes,absoloots,,,,,,,,
absolution,absolooshon,,,,,,,,
absolutions,absolooshons,,,,,,,,
absolutism,absolootizm,,,,,,,,
absolutist,absolootist,,,,,,,,
absolutists,absolootists,,,,,,,,
absolve,abzolv,,,,,,,,
absolved,abzolvd,,,,,,,,
absolves,abzolvs,,,,,,,,
absolving,abzolving,,,,,,,,
absorb,absorb,,,,,,,,
absorbed,absorbd,,,,,,,,
absorbency,absorbensy,,,,,,,,
absorbent,absorbent,,,,,,,,
absorbents,absorbents,,,,,,,,
absorber,absorber,,,,,,,,
absorbers,absorbers,,,,,,,,
absorbing,absorbing,,,,,,,,
absorbingly,absorbingly,,,,,,,,
absorbs,absorbs,,,,,,,,
absorption,absorpshon,,,,,,,,
absorptions,absorpshons,,,,,,,,
absorptive,absorptiv,,,,,,,,
absorptively,absorptivly,,,,,,,,
abstain,abstaen,,,,,,,,
abstained,abstaend,,,,,,,,
abstaining,abstaening,,,,,,,,
abstains,abstaens,,,,,,,,
abstemious,absteemius,,,,,,,,
abstention,abstenshon,,,,,,,,
abstentions,abstenshons,,,,,,,,
abstinence,abstinenss,,,,,,,,
abstinent,abstinent,,,,,,,,
abstinently,abstinently,,,,,,,,
abstract,abstrakt,,,,,,,,
abstracted,abstrakted,,,,,,,,
abstracting,abstrakting,,,,,,,,
abstraction,abstrakshon,,,,,,,,
abstractions,abstrakshons,,,,,,,,
abstractive,abstraktiv,,,,,,,,
abstractively,abstraktivly,*,,,,,,,
abstracts,abstrakts,,,,,,,,
abstruse,abstrooss,,,,,,,,
abstrusely,abstroosly,,,,,,,,
abstruseness,abstroosnes,,,,,,,,
absurd,absurd,,,,,,,,
absurdity,absurdity,,,,,,,,
absurdly,absurdly,,,,,,,,
absurdness,absurdnes,,,,,,,,
abuse,abuess,,,,,,,,
abuse,abuez,,,,,,,,
abused,abuezd,,,,,,,,
abuses,abuezes,,,,,,,,
abusing,abuezing,,,,,,,,
abusive,abuesiv,,,,,,,,
abusively,abuesivly,,,,,,,,
abut,abut,,,,,,,,
abysmal,abizmal,,,,,,,,
abysmally,abizmaly,,,,,,,,
abyss,abis,,,,,,,,
accord,acord,,,,,,,,
accorded,acorded,,,,,,,,
according,acording,,,,,,,,
accordingly,acordingly,,,,,,,,
accords,acords,,,,,,,,
accumulate,acuemulaet,,,,,,,,
accumulated,acuemulaeted,,,,,,,,
accumulates,acuemulaets,,,,,,,,
accumulating,acuemulaeting,,,,,,,,
accumulation,acuemulaeshon,,,,,,,,
accumulations,acuemulaeshons,,,,,,,,
accumulator,acuemulaetor,,,,,,,,
accumulators,acuemulaetors,,,,,,,,
ace,aess,,,,,,,,
acerbic,asurbik,,,,,,,,
acerbically,asurbikaly,,,,,,,,
acerbity,asurbity,,,,,,,,
aces,aeses,,,,,,,,
acetate,asetaet,,,,,,,,
acetic,aseetik,,,,,,,,
acetone,asetoen,,,,,,,,
acetonemia,asetoeneemia,,,,,,,,
acetylene,asetileen,,,,,,,,
ache,aek,,,,,,,,
ached,aekt,,,,,,,,
aches,aeks,,,,,,,,
achieve,acheev,,,,,,,,
achieved,acheevd,,,,,,,,
achievement,acheevment,,,,,,,,
achievements,acheevments,,,,,,,,
achieves,acheevs,,,,,,,,
achieving,acheeving,,,,,,,,
aching,aeking,,,,,,,,
achromatic,aecromatik,*,,,,,,,
achromatically,aecromatikaly,,,,,,,,
acid,asid,,,,,,,,
acidhead,asidhed,,,,,,,,
acidification,asidificaeshon,,,,,,,,
acidified,asidified,,,,,,,,
acidify,asidifi,,,,,,,,
acidity,asidity,,,,,,,,
acidosis,asidoesis,,,,,,,,
acids,asids,,,,,,,,
acidulate,asijulaet,,,,,,,,
acidulous,asijulus,,,,,,,,
acknowledge,aknolej,,,,,,,,
acknowledged,aknolejd,,,,,,,,
acknowledgement,aknolejment,,,,,,,,
acknowledgements,aknolejments,,,,,,,,
acknowledges,aknolejes,,,,,,,,
acknowledging,aknolejing,,,,,,,,
acme,akmy,,,,,,,,
acmes,akmys,,,,,,,,
acne,akny,,,,,,,,
acolyte,acoliet,,,,,,,,
acolytes,acoliets,,,,,,,,
aconite,aconiet,,,,,,,,
aconites,aconiets,,,,,,,,
acorn,aecorn,,,,,,,,
acorns,aecorns,,,,,,,,
acoustic,acoostik,,,,,,,,
acoustical,acoostikal,,,,,,,,
acoustically,acoostikaly,,,,,,,,
acoustician,acoostishan,,,,,,,,
acousticians,acoostishans,,,,,,,,
acoustics,acoostiks,,,,,,,,
acquaint,aqaent,,,,,,,,
acquaintance,aqaentanss,,,,,,,,
acquainted,aqaented,,,,,,,,
acquaints,aqaents,,,,,,,,
acquiesce,aqi’ess,*,,,,,,,
acquiesced,aqi’est,,,,,,,,
acquiescence,aqi’esenss,*,,,,,,,
acquiescent,aqi’esent,,,,,,,,
acquire,aqier,,,,,,,,
acquired,aqierd,,,,,,,,
acquires,aqiers,,,,,,,,
acquiring,aqiering,,,,,,,,
acquisition,aqizishon,,,,,,,,
acquisitions,aqizishons,,,,,,,,
acquisitive,aqizitiv,,,,,,,,
acquisitively,aqizitivly,,,,,,,,
acquisitiveness,aqizitivnes,,,,,,,,
acquit,aqit,,,,,,,,
acquits,aqits,,,,,,,,
acquittal,aqital,,,,,,,,
acquittals,aqitals,,,,,,,,
acquitted,aqited,,,,,,,,
acquitting,aqiting,,,,,,,,
acre,aeker,,,,,,,,
acreage,aecrej,,,,,,,,
acreages,aecrejes,,,,,,,,
acres,aekers,,,,,,,,
acrid,acrid,,,,,,,,
acridity,acridity,,,,,,,,
acrimonious,acrimoenius,,,,,,,,
acrimony,acrimoeny,,,,,,,,
acrobat,acrobat,,,,,,,,
acrobatic,acrobatik,,,,,,,,
acrobatics,acrobatiks,,,,,,,,
acrobats,acrobats,,,,,,,,
acronym,acronim,,,,,,,,
acronyms,acronims,,,,,,,,
acropolis,acropolis,,,,,,,,
across,acros,*,,,,,,,
acrostic,acrostik,*,,,,,,,
acrylic,acrilik,*,,,,,,,
act,akt,,,,,,,,
acted,akted,,,,,,,,
acting,akting,,,,,,,,
actinic,aktinik,,,,,,,,
actinometer,aktinometer,,,,,,,,
actinometers,aktinometers,,,,,,,,
action,akshon,*,,,,,,,
actionable,akshonabl,,,,,,,,
actions,akshons,*,,,,,,,
activate,aktivaet,*,,,,,,,
activated,aktivaeted,,,,,,,,
activates,aktivaets,,,,,,,,
activating,aktivaeting,,,,,,,,
activation,aktivaeshon,,,,,,,,
activations,aktivaeshons,*,,,,,,,
active,aktiv,*,,,,,,,
actively,aktivly,,,,,,,,
activism,aktivizm,,,,,,,,
activist,aktivist,,,,,,,,
activists,aktivists,,,,,,,,
activities,aktivitys,,,,,,,,
activity,aktivity,,,,,,,,
actor,aktor,*,,,,,,,
actors,aktors,,,,,,,,
actress,aktres,,,,,,,,
actresses,aktreses,,,,,,,,
acts,akts,*,,,,,,,
actual,akchual,*,,,,,,,
actualities,akchualitys,,,,,,,,
actuality,akchuality,,,,,,,,
actually,akchualy,,,,,,,,
actuarial,akchuaerial,,,,,,,,
actuarially,akchuaerialy,,,,,,,,
actuaries,akchuaerys,,,,,,,,
actuary,akchuaery,,,,,,,,
actuate,akchuaet,,,,,,,,
actuated,akchuaeted,,,,,,,,
actuating,akchuaeting,*,,,,,,,
acuity,acueity,,,,,,,,
acumen,acuemen,,,,,,,,
acupuncture,acuepunkcher,,,,,,,,
acupunctures,acuepunkchers,,,,,,,,
acupuncturist,acuepunkcherist,,,,,,,,
acupuncturists,acuepunkcherists,,,,,,,,
acute,acuet,,,,,,,,
acutely,acuetly,,,,,,,,
acuteness,acuetnes,,,,,,,,
ad,ad,,,,,,,,
adage,adej,,,,,,,,
adages,adejes,,,,,,,,
adagio,adaajo,,,,,,,,
adagios,adaajoes,,,,,,,,
Adam,Adam,,,,,,,,
adamant,adamant,,,,,,,,
adamantly,adamantly,,,,,,,,
adapt,adapt,,,,,,,,
adaptability,adaptability,,,,,,,,
adaptable,adaptabl,,,,,,,,
adaptation,adaptaeshon,,,,,,,,
adaptations,adaptaeshons,,,,,,,,
adapted,adapted,,,,,,,,
adapter,adapter,,,,,,,,
adapters,adapters,,,,,,,,
adapting,adapting,,,,,,,,
add,ad,,,,,,,,
added,aded,,,,,,,,
addend,adend,,,,,,,,
addenda,adenda,,,,,,,,
addends,adends,,,,,,,,
addendum,adendum,,,,,,,,
addendums,adendums,,,,,,,,
adder,ader,,,,,,,,
addict,adikt,,,,,,,,
addicting,adikting,,,,,,,,
addiction,adikshon,,,,,,,,
addictions,adikshons,,,,,,,,
addictive,adiktiv,,,,,,,,
addictively,adiktivly,,,,,,,,
addictiveness,adiktivnes,,,,,,,,
adding,ading,,,,,,,,
addition,adishon,,,,,,,,
additional,adishonal,,,,,,,,
additionally,adishonally,,,,,,,,
additive,aditiv,,,,,,,,
additives,aditivs,,,,,,,,
addle,adl,,,,,,,,
addled,adld,,,,,,,,
addles,adls,,,,,,,,
addling,adling,,,,,,,,
address,adres,,,,,,,,
addressed,adrest,,,,,,,,
addresses,adreses,,,,,,,,
addressing,adresing,,,,,,,,
adduce,aduess,,,,,,,,
adduced,aduest,,,,,,,,
adduces,adueses,,,,,,,,
adducing,aduesing,,,,,,,,
adept,adept,,,,,,,,
adepts,adepts,,,,,,,,
adequacy,adeqasy,,,,,,,,
adequate,adeqat,*,,,,,,,
adequately,adeqatly,,,,,,,,
adhere,adheer,,,,,,,,
adhered,adheerd,,,,,,,,
adherence,adheerenss,,,,,,,,
adherent,adheerent,,,,,,,,
adherents,adheerents,,,,,,,,
adheres,adheers,,,,,,,,
adhering,adheers,,,,,,,,
adhesion,adheezhon,,,,,,,,
adhesive,adheesiv,,,,,,,,
adhesively,adheesivly,,,,,,,,
adhesives,adheesivs,,,,,,,,
adjacent,ajaesent,,,,,,,,
adjectival,ajektieval,,,,,,,,
adjectivally,ajektievaly,,,,,,,,
adjective,ajektiv,,,,,,,,
adjectives,ajektivs,,,,,,,,
adjoin,ajoin,,,,,,,,
adjoined,ajoind,,,,,,,,
adjoining,ajoining,,,,,,,,
adjoins,ajoins,,,,,,,,
adjourn,ajurn,,,,,,,,
adjourned,ajurnd,,,,,,,,
adjourning,ajurning,,,,,,,,
adjournment,ajurnment,,,,,,,,
adjournments,ajurnments,,,,,,,,
adjourns,ajurns,,,,,,,,
adjudge,ajuj,,,,,,,,
adjudged,ajujd,,,,,,,,
adjudging,ajujing,,,,,,,,
adjudicate,ajoodicaet,,,,,,,,
adjudicated,ajoodicaeted,,,,,,,,
adjudicates,ajoodicaets,,,,,,,,
adjudicating,ajoodicaeting,,,,,,,,
adjudication,ajoodicaeshon,,,,,,,,
adjudications,ajoodicaeshons,,,,,,,,
adjudicator,ajoodicaetor,,,,,,,,
adjudicators,ajoodicaetors,,,,,,,,
adjunct,ajunkt,,,,,,,,
adjuncts,ajunkts,,,,,,,,
adjuration,ajuuraeshon,,,,,,,,
adjure,ajuur,,,,,,,,
adjust,ajust,,,,,,,,
adjustable,ajustabl,,,,,,,,
adjusted,ajusted,,,,,,,,
adjusting,ajusting,,,,,,,,
adjustment,ajustment,,,,,,,,
adjustments,ajustments,,,,,,,,
adjusts,ajusts,,,,,,,,
adjutant,ajutant,*,,,,,,,
adjutants,ajutants,,,,,,,,
admeasure,admezher,,,,,,,,
administations,administraeshons,,,,,,,,
administer,administer,,,,,,,,
administered,administerd,,,,,,,,
administering,administering,,,,,,,,
administers,administers,,,,,,,,
administration,administraeshon,,,,,,,,
administrative,administraetiv,,,,,,,,
administrator,administraetor,,,,,,,,
administrators,administraetors,,,,,,,,
admirable,admerabl,*,,,,,,,
admirably,admerably,*,,,,,,,
admiral,admeral,*,,,,,,,
admirals,admerals,*,,,,,,,
admiralty,admeralty,*,,,,,,,
admiration,admeraeshon,*,,,,,,,
admire,admier,,,,,,,,
admired,admierd,,,,,,,,
admirer,admierer,,,,,,,,
admirers,admierers,,,,,,,,
admiring,admiering,,,,,,,,
admiringly,admieringly,,,,,,,,
admissibility,admisibility,,,,,,,,
admissible,admisibl,,,,,,,,
admission,admishon,,,,,,,,
admissions,admishon,,,,,,,,
admit,admit,,,,,,,,
admits,admits,,,,,,,,
admittance,admitanss,,,,,,,,
admitted,admited,,,,,,,,
admittedly,admitedy,,,,,,,,
admitting,admiting,,,,,,,,
admixed,admixt,,,,,,,,
admixture,admixcher,,,,,,,,
admixtures,admixchers,,,,,,,,
admonish,admonish,,,,,,,,
admonished,admonisht,,,,,,,,
admonishing,admonishing,,,,,,,,
admonishment,admonishment,,,,,,,,
admonishments,admonishments,,,,,,,,
admonition,admonishon,,,,,,,,
admonitions,admonishons,,,,,,,,
admonitory,admonitory,,,,,,,,
ado,adoo,,,,,,,,
adobe,adoeby,,,,,,,,
adolescence,adolesenss,,,,,,,,
adolescent,adolesent,,,,,,,,
adolescents,adolesents,,,,,,,,
adopt,adopt,,,,,,,,
adopted,adopted,,,,,,,,
adopting,adopting,,,,,,,,
adoption,adopshon,,,,,,,,
adoptions,adopshons,,,,,,,,
adoptive,adoptiv,,,,,,,,
adopts,adopts,,,,,,,,
adorable,adorabl,,,,,,,,
adore,ador,,,,,,,,
adored,adord,,,,,,,,
adores,adors,,,,,,,,
adoring,adoring,,,,,,,,
adorn,adorn,,,,,,,,
adorn,adorn,,,,,,,,
adorned,adornd,,,,,,,,
adornment,adornment,,,,,,,,
adrenal,adreenal,,,,,,,,
adrenaline,adrenalin,,,,,,,,
adrift,adrift,,,,,,,,
adroit,adroit,,,,,,,,
adroitness,adroitnes,,,,,,,,
ads,ads,,,,,,,,
adsorb,adsorb,,,,,,,,
adsorbed,adsorbd,,,,,,,,
adsorption,adsorpshon,,,,,,,,
adsorptions,adsorpshons,,,,,,,,
adulate,adjulaet,*,,,,,,,
adulated,adjulaeted,*,,,,,,,
adulates,adjulaets,*,,,,,,,
adulating,adjulaeting,*,,,,,,,
adulation,adjulaeshon,*,,,,,,,
adulations,adjulaeshons,*,,,,,,,
adult,adult,,,,,,,,
adulterant,adulterant,,,,,,,,
adulterants,adulterants,,,,,,,,
adulterate,adulteraet,,,,,,,,
adulterated,adulteraetd,,,,,,,,
adulteration,adulteraeshon,,,,,,,,
adulterer,adulterer,,,,,,,,
adulterers,adulterers,,,,,,,,
adulterous,adulterus,,,,,,,,
adultery,adultery,,,,,,,,
adulthood,adulthuud,,,,,,,,
adults,adults,,,,,,,,
adumbrate,adumbraet,,,,,,,,
adumbration,adumbraeshon,,,,,,,,
advance,advanss,,,,,,,,
advanced,advanst,,,,,,,,
advancement,advansment,,,,,,,,
advancements,advansments,,,,,,,,
advances,advanses,,,,,,,,
advancing,advansing,,,,,,,,
advantage,advantej,*,,,,,,,
advantageous,advantaejus,,,,,,,,
advantageously,advantaejusly,,,,,,,,
advantages,advantejes,,,,,,,,
advent,advent,,,,,,,,
Adventist,Adventist,,,,,,,,
Adventists,Adventists,,,,,,,,
adventitious,adventishus,,,,,,,,
adventure,advencher,,,,,,,,
adventurer,advencherer,,,,,,,,
adventurers,advencherers,,,,,,,,
adventures,advenchers,,,,,,,,
adventures,advenchers,,,,,,,,
adventuresome,advenchersum,,,,,,,,
adventuring,advenchering,,,,,,,,
adventurous,advencherus,,,,,,,,
adventurously,advencherusly,,,,,,,,
adverb,adverb,,,,,,,,
adverbial,advurbial,,,,,,,,
adverbs,adverbs,,,,,,,,
adversaries,adversaerys,*,,,,,,,
adversary,adversaery,*,,,,,,,
adverse,advurss,,,,,,,,
adversely,advursly,,,,,,,,
adversity,advursity,,,,,,,,
advert,advert,,,,,,,,
advertisement,advertiezment,,,,,,,,
advertisement,advurtisment,,,,,,,,
aerate,aeraet,,,,,,,,
aerated,aeraeted,,,,,,,,
aerates,aeraets,,,,,,,,
aerating,aeraeting,,,,,,,,
aeration,aeraeshon,,,,,,,,
aes,aes,*,,,,,,,
afflict,aflikt,,,,,,,,
afflicted,aflikted,,,,,,,,
afflicting,aflikting,,,,,,,,
affliction,aflikshon,,,,,,,,
afflictions,aflikshons,,,,,,,,
afflicts,aflikts,,,,,,,,
aflame,aflaem,,,,,,,,
afraid,afraed,,,,,,,,
Africa,Africa,,,,,,,,
African,African,,,,,,,,
Africans,Africans,,,,,,,,
age,aej,,,,,,,,
aged,aejd,,,,,,,,
ageless,aejles,,,,,,,,
agenda,ajenda,,,,,,,,
agendas,ajendas,,,,,,,,
ages,aejes,,,,,,,,
agglomerate,aglomeraet,,,,,,,,
agglomerated,aglomeraeted,,,,,,,,
agglomerates,aglomeraets,,,,,,,,
agglomerating,aglomeraeting,,,,,,,,
agglomeration,aglomeraeshon,,,,,,,,
agglomerations,aglomeraeshons,,,,,,,,
agglutinate,aglootinaet,,,,,,,,
agglutinated,aglootinaeted,,,,,,,,
agglutinates,aglootinaets,,,,,,,,
agglutinating,aglootinaeting,,,,,,,,
agglutination,aglootinaeshon,,,,,,,,
agglutinative,aglootinaetiv,,,,,,,,
aggrandize,agrandiez,,,,,,,,
aggrandized,agrandiezd,,,,,,,,
aggrandizement,agrandiezment,,,,,,,,
aggrandizements,agrandiezments,,,,,,,,
aggrandizer,agrandiezer,,,,,,,,
aggrandizers,agrandiezers,,,,,,,,
aggrandizes,agrandiezes,,,,,,,,
aggrandizing,agrandiezing,,,,,,,,
aggregate,agregaet,,,,,,,,
aggregate,agregat,,,,,,,,
aggregated,agregaeted,,,,,,,,
aggregates,agregaets,,,,,,,,
aggregates,agregats,,,,,,,,
aggregating,agregaeting,,,,,,,,
aggregation,agregaeshon,,,,,,,,
aggregations,agregaeshons,,,,,,,,
aggression,agreshon,,,,,,,,
aggressions,agreshons,,,,,,,,
aggressive,agresiv,,,,,,,,
aggressively,agresivly,,,,,,,,
aggressor,agresor,,,,,,,,
aggressors,agresors,,,,,,,,
agile,ajiel,,,,,,,,
agile,ajil,,,,,,,,
agilities,ajilitys,,,,,,,,
agility,ajility,,,,,,,,
aging,aejing,,,,,,,,
agitate,ajitaet,,,,,,,,
agitated,ajitaeted,,,,,,,,
agitates,ajitaets,,,,,,,,
agitating,ajitaeting,,,,,,,,
agitation,ajitaeshon,,,,,,,,
agitations,ajitaeshons,,,,,,,,
agitator,ajitaetor,,,,,,,,
agitators,ajitaetors,,,,,,,,
agree,agree,,,,,,,,
agreeable,agreeabl,,,,,,,,
agreeably,agreeably,,,,,,,,
agreed,agreed,,,,,,,,
agreeing,agreeing,,,,,,,,
agreement,agreement,,,,,,,,
agreements,agreements,,,,,,,,
agrees,agrees,,,,,,,,
agricultural,agriculcheral,,,,,,,,
agriculturalist,agriculcheralist,,,,,,,,
agriculturalists,agriculcheralists,,,,,,,,
agriculturally,agriculcheraly,,,,,,,,
agriculture,agriculcher,,,,,,,,
agricultures,agriculchers,,,,,,,,
agronomic,agronomik,,,,,,,,
agronomical,agronomikal,,,,,,,,
agronomies,agronomys,,,,,,,,
agronomist,agronomist,,,,,,,,
agronomists,agronomists,,,,,,,,
agronomy,agronomy,,,,,,,,
aid,aed,,,,,,,,
aided,aeded,,,,,,,,
aiding,aeding,,,,,,,,
aids,aeds,,,,,,,,
ail,ael,,,,,,,,
ailed,aeld,,,,,,,,
ailing,aeling,,,,,,,,
ails,aels,,,,,,,,
aim,aem,,,,,,,,
aimed,aemd,,,,,,,,
aiming,aeming,,,,,,,,
aimless,aemles,,,,,,,,
aimlessly,aemlesly,,,,,,,,
aims,aems,,,,,,,,
air,aer,,,,,,,,
aircraft,aercraft,,,,,,,,
airfare,aerfaer,,,,,,,,
airfares,aerfaers,,,,,,,,
airiness,aerynes,,,,,,,,
airing,aering,,,,,,,,
airport,aerport,,,,,,,,
airports,aerports,,,,,,,,
airs,aers,,,,,,,,
airy,aery,,,,,,,,
aisle,iel,,,,,,,,
aisles,iels,,,,,,,,
aitch,aech,,,,,,,,
akin,akin,,,,,,,,
alabaster,alabaster,,,,,,,,
alacrity,alacrity,,,,,,,,
alarm,alarm,,,,,,,,
alarmed,alarmd,,,,,,,,
alarming,alarming,,,,,,,,
alarmingly,alarmingly,,,,,,,,
alarmist,alarmist,,,,,,,,
alarmists,alarmists,,,,,,,,
alarms,alarms,,,,,,,,
alas,alas,,,,,,,,
albacore,albacor,,,,,,,,
albeit,aulbeeit,,,,,,,,
albino,albieno,,,,,,,,
albinos,albienoes,,,,,,,,
album,album,,,,,,,,
albumin,albuemin,,,,,,,,
albums,albums,,,,,,,,
alchemist,alkemist,,,,,,,,
alchemists,alkemists,,,,,,,,
alchemy,alkemy,,,,,,,,
alcohol,alcohol,,,,,,,,
alcoholic,alcoholik,,,,,,,,
alcoholics,alcoholiks,,,,,,,,
alcoholism,alcoholizm,,,,,,,,
alcoholisms,alcoholizms,,,,,,,,
alcohols,alcohols,,,,,,,,
alcove,alcoev,,,,,,,,
alcoves,alcoevs,,,,,,,,
alderman,aulderman,,,,,,,,
aldermen,auldermen,,,,,,,,
ale,ael,,,,,,,,
alert,alurt,,,,,,,,
alerted,alurted,,,,,,,,
alerting,alurting,,,,,,,,
alertly,alurtly,,,,,,,,
alertness,alurtnes,,,,,,,,
alerts,alurts,,,,,,,,
ales,aels,,,,,,,,
alewife,aelwief,,,,,,,,
alewives,aelwievs,,,,,,,,
alfa,alfa,,,,,,,,
alfresco,alfresco,,,,,,,,
algae,aljy,,,,,,,,
algebra,aljebra,,,,,,,,
algebraic,aljebraeik,,,,,,,,
algebraical,aljebraeikal,,,,,,,,
algebraically,aljebraeikaly,,,,,,,,
algorism,algorizm,,,,,,,,
algorisms,algorizms,,,,,,,,
algorithm,algorithm,,,,,,,,
algorithmic,algorithmik,,,,,,,,
algorithmically,algorithmikaly,,,,,,,,
algorithms,algorithms,,,,,,,,
alias,aelius,*,,,,,,,
alibi,alibi,,,,,,,,
alibied,alibied,,,,,,,,
alibiing,alibieing,,,,,,,,
alibis,alibies,,,,,,,,
alien,aelian,*,,,,,,,
alienate,aelianaet,*,,,,,,,
alienated,aelianaeted,*,,,,,,,
alienates,aelianaets,*,,,,,,,
alienating,aelianaeting,*,,,,,,,
alienation,aelianaeshon,*,,,,,,,
alienist,aelianist,*,,,,,,,
alienists,aelianists,*,,,,,,,
aliens,aelians,*,,,,,,,
alight,aliet,,,,,,,,
alighted,alieted,,,,,,,,
alighting,alieting,,,,,,,,
alights,aliets,,,,,,,,
align,alien,,,,,,,,
aligned,aliend,,,,,,,,
aligning,aliening,,,,,,,,
alignment,alienment,,,,,,,,
alignments,alienments,,,,,,,,
alike,aliek,,,,,,,,
alimentary,alimentary,*,,,,,,,
alimentation,alimentaeshon,,,,,,,,
alimony,alimoeny,,,,,,,,
aliquot,aliqot,*,,,,,,,
aliquots,aliqots,*,,,,,,,
alive,aliev,,,,,,,,
alkali,alcali,*,,,,,,,
alkaline,alcalien,*,,,,,,,
alkaloid,alcaloid,*,,,,,,,
alkaloids,alcaloids,*,,,,,,,
all,all,1,,,explicit exception:/aul/,,,,
allay,alae,,,,,,,,
allayed,alaed,,,,,,,,
allaying,alaeing,,,,,,,,
allays,alaes,,,,,,,,
allegation,alegaeshon,,,,,,,,
allegations,alegaeshons,,,,,,,,
allege,alej,,,,,,,,
alleged,alejd,*,,,,,,,
allegedly,alejedly,,,,,,,,
alleges,alejes,,,,,,,,
allegiance,aleejanss,,,,,,,,
allegiances,aleejanses,,,,,,,,
alleging,alejing,,,,,,,,
allegoric,alegorik,,,,,,,,
allegorical,alegorikal,,,,,,,,
allegory,alegory,,,,,,,,
allegretti,alegrety,,,,,,,,
allegro,alegro,,,,,,,,
allemand,alemand,,,,,,,,
allemands,alemands,,,,,,,,
allergic,alurjik,,,,,,,,
allergies,alerjys,,,,,,,,
allergy,alerjy,,,,,,,,
allevation,aleeviashon,,,,,,,,
alleviate,aleeviaet,,,,,,,,
alleviated,aleeviaeted,,,,,,,,
alleviates,aleeviaets,,,,,,,,
alleviating,aleeviaeting,,,,,,,,
alley,aly,,,,,,,,
alleys,alys,,,,,,,,
alleyway,alywae,,,,,,,,
alleyways,alywaes,,,,,,,,
alliance,alieanss,,,,,,,,
alliances,alieanses,,,,,,,,
allied,alied,,,,,,,,
allies,alies,,,,,,,,
alligator,aligaetor,,,,,,,,
alligatored,aligaetord,,,,,,,,
alligators,aligaetors,,,,,,,,
alliteration,aliteraeshon,,,,,,,,
alliterations,aliteraeshons,,,,,,,,
alliterative,aliterativ,,,,,,,,
allocable,alocabl,,,,,,,,
allocate,alocaet,,,,,,,,
allocated,alocaeted,,,,,,,,
allocates,alocaets,,,,,,,,
allocating,alocaeting,,,,,,,,
allocation,alocaeshon,,,,,,,,
allocations,alocaeshons,,,,,,,,
allocution,alocueshon,,,,,,,,
allopathic,alopathik,,,,,,,,
allopathy,alopathy,,,,,,,,
allophone,alofoen,,,,,,,,
allophones,alofoens,,,,,,,,
allot,alot,,,,,,,,
allotment,alotment,,,,,,,,
allotments,alotments,,,,,,,,
allotted,aloted,,,,,,,,
allotting,aloting,,,,,,,,
allow,alow,,,,,,,,
allowable,alowabl,,,,,,,,
allowance,alowanss,,,,,,,,
allowances,alowanses,,,,,,,,
allowed,alowd,,,,,,,,
allowedly,alowedly,,,,,,,,
allowing,alowing,,,,,,,,
allows,alows,,,,,,,,
alloy,aloy,,,,,,,,
alloys,aloys,,,,,,,,
allude,alood,,,,,,,,
alluded,alooded,,,,,,,,
alludes,aloods,,,,,,,,
alluding,alooding,,,,,,,,
allusion,aloozhon,,,,,,,,
allusions,aloozhons,,,,,,,,
allusive,aloosiv,,,,,,,,
allusiveness,aloosivnes,,,,,,,,
alluvial,aloovial,,,,,,,,
ally,ali,,,,,,,,
allying,alieing,,,,,,,,
alm,aam,,,,,,,,
almanac,aulmanak,,,,,,,,
almanacs,aulmanaks,,,,,,,,
almighty,aulmiety,,,,,,,,
almond,aamund,,,,,,,,
almonds,aamunds,,,,,,,,
almost,aulmoest,,,,,,,,
alms,aams,,,,,,,,
alnico,alnico,*,,,,,,,
aloe,alo,,,,,,,,
aloes,aloes,,,,,,,,
aloft,aloft,*,,,,,,,
alone,aloen,,,,,,,,
aloneness,aloennes,,,,,,,,
along,along,,,,,,,,
alongside,alongsied,,,,,,,,
aloof,aloof,,,,,,,,
aloofness,aloofnes,,,,,,,,
aloud,aloud,,,,,,,,
alpha,alfa,,,,,,,,
alphabet,alfabet,,,,,,,,
alphabetic,alfabetik,,,,,,,,
alphabetical,alfabetikal,,,,,,,,
alphabetize,alfabetiez,,,,,,,,
alphabetized,alfabetiezd,,,,,,,,
alphabetizes,alfabetiezes,,,,,,,,
alphabetizing,alfabetiezing,,,,,,,,
alphabets,alfabets,,,,,,,,
alphanumeric,alfanuemerrik,,,,,,,,
already,aulredy,,,,,,,,
also,aulso,,,,,,,,
altar,aultar,,,,,,,,
altarpiece,aultarpeess,,,,,,,,
altarpieces,aultarpeeses,,,,,,,,
alter,aulter,,,,,,,,
alteration,aulteraeshon,,,,,,,,
alterations,aulteraeshons,,,,,,,,
altercation,aultercaeshon,,,,,,,,
altercations,aultercaeshons,,,,,,,,
altered,aulterd,,,,,,,,
altering,aultering,,,,,,,,
alternate,aulternaet,,,,,,,,
alternate,aulternat,*,,,,,,,
alternated,aulternaeted,,,,,,,,
alternately,aulternatly,,,,,,,,
alternates,aulternaets,,,,,,,,
alternating,aulternaetning,,,,,,,,
alternation,aulternaeshon,,,,,,,,
alternations,aulternaeshons,,,,,,,,
alternative,aulturnativ,,,,,,,,
alternatively,aulturnativly,,,,,,,,
alternatives,aulturnativs,,,,,,,,
alternator,aulternaetor,,,,,,,,
alternators,aulternaetors,,,,,,,,
alters,aulters,,,,,,,,
altho,aultho,*,,,,,,,
although,aultho,*,,,,,,,
altimeter,altimeter,*,,,,,,,
altitude,altitued,,,,,,,,
altitudes,altitueds,,,,,,,,
altitudinal,altituedinal,,,,,,,,
alto,alto,,,,,,,,
altogether,aultogether,,,,,,,,
altruism,altrooizm,,,,,,,,
altruist,altrooist,,,,,,,,
altruistic,altrooistik,,,,,,,,
altruistically,altrooistikaly,,,,,,,,
altruists,altrooists,,,,,,,,
alum,alum,,,,,,,,
aluminum,aloominum,,,,,,,,
alumna,alumna,,,,,,,,
alumnae,alumnee,*,,,,,,,
alumni,alumni,,,,,,,,
alumnus,alumnus,,,,,,,,
alveolar,alweoelar,*,,,,,,,
alveoli,alveoeli,*,,,,,,,
alveolus,alveoelus,*,,,,,,,
always,aulwaes,,,,,,,,
am,am,,,,,,,,
amalgam,amalgam,,,,,,,,
amalgamate,amalgamaet,,,,,,,,
amalgamated,amalgamaeted,,,,,,,,
amalgamates,amalgamaets,,,,,,,,
amalgamating,amalgamaeting,,,,,,,,
amalgamation,amalgamaeshon,,,,,,,,
amalgamations,amalgamaeshons,,,,,,,,
amalgams,amalgams,,,,,,,,
amass,amas,,,,,,,,
amassed,amast,,,,,,,,
amasses,amases,,,,,,,,
amassing,amasing,,,,,,,,
amateur,amacher,,,,,,,,
amateur,amachuur,,,,,,,,
amateurs,amachers,,,,,,,,
amateurs,amachuurs,,,,,,,,
amatory,amatory,,,,,,,,
amaze,amaez,,,,,,,,
amazed,amaezd,,,,,,,,
amazement,amaezment,,,,,,,,
amazements,amaezments,,,,,,,,
amazes,amaezes,,,,,,,,
amazing,amaezing,,,,,,,,
amazingly,amaezingly,,,,,,,,
ambassador,ambasador,,,,,,,,
ambassadors,ambasadors,,,,,,,,
amber,amber,,,,,,,,
ambergris,ambergree,*,,,,,,,
ambidexterity,ambidexterrity,,,,,,,,
ambidextrous,ambidextrus,,,,,,,,
ambience,ambi’enss,*,,,,,,,
ambient,ambi’ent,*,,,,,,,
ambiguities,ambigueitys,,,,,,,,
ambiguity,ambigueity,,,,,,,,
ambiguous,ambigueus,,,,,,,,
ambit,ambit,,,,,,,,
ambition,ambishon,*,,,,,,,
ambitions,ambishons,*,,,,,,,
ambitious,ambishus,,,,,,,,
ambitiously,ambishusly,,,,,,,,
ambits,ambits,,,,,,,,
ambivalence,ambivalenss,,,,,,,,
ambivalent,ambivalent,,,,,,,,
amble,ambl,,,,,,,,
ambled,ambld,,,,,,,,
ambles,ambls,,,,,,,,
ambling,ambling,,,,,,,,
ambrosia,ambroezha,,,,,,,,
ambulance,ambuelanss,,,,,,,,
ambulances,ambuelanses,,,,,,,,
ambulatory,ambuelatory,,,,,,,,
ambuscade,ambuscaed,,,,,,,,
ambuscades,ambuscaeds,,,,,,,,
ambush,ambuush,*,,,,,,,
ambushed,ambuusht,,,,,,,,
ambushes,ambuushes,,,,,,,,
ameliorate,ameelueraet,*,,,,,,,
ameliorated,ameeluerated,*,,,,,,,
ameliorates,ameelueraets,*,,,,,,,
amelioration,ameelueraeshon,*,,,,,,,
ameliorations,ameelueraeshons,*,,,,,,,
ameliorative,ameelueraetiv,,,,,,,,
amen,aaamen,,,,,,,,
amenable,amenabl,,,,,,,,
amenably,amenably,,,,,,,,
amend,amend,,,,,,,,
amended,amended,,,,,,,,
amending,amending,,,,,,,,
amendment,amendment,,,,,,,,
amendments,amendments,,,,,,,,
amends,amends,,,,,,,,
amenities,amenitys,,,,,,,,
amenity,amenity,,,,,,,,
amens,aamens,,,,,,,,
amethyst,amethist,,,,,,,,
amethystine,amethistin,,,,,,,,
amiability,aemiability,,,,,,,,
amiable,aemiabl,,,,,,,,
amicable,ameecabl,,,,,,,,
amicable,amicabl,,,,,,,,
amicably,ameecably,,,,,,,,
amicably,amicably,,,,,,,,
amid,amid,,,,,,,,
amidships,amidships,,,,,,,,
amigo,ameego,,,,,,,,
amino,ameeno,,,,,,,,
amiss,amis,,,,,,,,
amity,amity,,,,,,,,
ammo,amo,,,,,,,,
ammonia,amoenia,,,,,,,,
ammoniac,amoeniak,,,,,,,,
ammonium,amoenium,,,,,,,,
ammunition,amuenishon,,,,,,,,
amnesia,amneezha,,,,,,,,
amnesties,amnestys,,,,,,,,
amnesty,amnesty,,,,,,,,
amoeba,ameeba,,,,,,,,
amoebas,ameebas,,,,,,,,
amoebic,ameebik,,,,,,,,
among,amung,,,,,,,,
amongst,amungs,,,,,,,,
amoral,aemoral,*,,,,,,,
amorality,aemorality,*,,,,,,,
amorist,aemorist,*,,,,,,,
amoritize,amortiez,,,,,,,,
amoritizing,amortiezing,,,,,,,,
amorous,amorus,,,,,,,,
amorphous,amorfus,,,,,,,,
amorphously,amorfusly,,,,,,,,
amortization,amortizaeshon,,,,,,,,
amount,amount,,,,,,,,
amounted,amounted,,,,,,,,
amounting,amounting,,,,,,,,
amounts,amounts,,,,,,,,
amperage,amperej,,,,,,,,
ampere,ampeer,,,,,,,,
amperes,ampeers,,,,,,,,
ampersand,ampersand,,,,,,,,
ampersands,ampersands,,,,,,,,
amphetamine,amfetameen,,,,,,,,
amphetamines,amfetameens,,,,,,,,
amphibian,amfibian,,,,,,,,
amphibians,amfibians,,,,,,,,
amphibious,amfibius,,,,,,,,
amphibology,amfibolojy,,,,,,,,
amphitheater,amfitheeater,,,,,,,,
amphitheaters,amfitheeaters,,,,,,,,
amphora,amfora,,,,,,,,
amphoras,amforas,,,,,,,,
ample,ampl,,,,,,,,
amplification,amplificaeshon,,,,,,,,
amplifications,amplificaeshons,,,,,,,,
amplified,amplified,,,,,,,,
amplifier,amplifieer,,,,,,,,
amplifiers,amplifieers,,,,,,,,
amplifies,amplifies,,,,,,,,
amplify,amplifi,,,,,,,,
amplifying,amplifieing,,,,,,,,
amplitude,amplitued,,,,,,,,
amplitudes,amplitueds,,,,,,,,
amply,amply,,,,,,,,
amputate,ampuetaet,,,,,,,,
amputated,ampuetaeted,,,,,,,,
amputation,ampuetaeshon,,,,,,,,
amputations,ampuetaeshons,,,,,,,,
amputee,ampuetee,,,,,,,,
amputees,ampuetees,,,,,,,,
amulet,amuelet,,,,,,,,
amulets,amuelets,,,,,,,,
amuse,amuez,,,,,,,,
amused,amuezd,,,,,,,,
amusedly,amuezedly,,,,,,,,
amusement,amuezment,,,,,,,,
amusements,amuezments,,,,,,,,
amuses,amuezes,,,,,,,,
amusing,amuezing,,,,,,,,
amusingly,amuezingly,,,,,,,,
an,an,,,,,,,,
ancestor,ansestor,,,,,,,,
ancestors,ansestors,,,,,,,,
ancestral,ansestral,,,,,,,,
ancestrally,ansestraly,,,,,,,,
anchor,ancor,,,,,,,,
anchored,ancord,,,,,,,,
anchoring,ancoring,,,,,,,,
anchorite,ancoriet,,,,,,,,
anchorites,ancoriets,,,,,,,,
anchorman,ancorman,,,,,,,,
anchormen,ancormen,,,,,,,,
anchors,ancors,,,,,,,,
and,and,,,,,,,,
androgen,androjen,,,,,,,,
androgens,androjens,,,,,,,,
androgynous,androjinus,,,,,,,,
Andy,Andy,,,,,,,,
anecdotal,anekdoetal,,,,,,,,
anecdotally,anekdoetaly,,,,,,,,
anecdote,anekdoet,,,,,,,,
anecdotes,anekdoets,,,,,,,,
angel,aenjel,,,,,,,,
angelic,anjelik,,,,,,,,
angelical,anjelikal,,,,,,,,
angelically,anjelikaly,,,,,,,,
angels,aenjels,,,,,,,,
anger,angger,,,,,,,,
angered,anggerd,,,,,,,,
angering,anggering,,,,,,,,
angers,anggers,,,,,,,,
angora,anggora,,,,,,,,
angoras,anggoras,,,,,,,,
angrier,anggryer,,,,,,,,
angriest,anggryest,,,,,,,,
angrily,anggrily,,,,,,,,
angry,anggry,,,,,,,,
animal,animal,,,,,,,,
animals,animals,,,,,,,,
animate,animaet,,,,,,,,
animated,animaeted,,,,,,,,
animatedly,animaetedly,,,,,,,,
animates,animaets,,,,,,,,
animating,animaeting,,,,,,,,
animation,animaeshon,,,,,,,,
animations,animaeshons,,,,,,,,
animism,animizm,,,,,,,,
animize,animiez,,,,,,,,
animized,animiezd,,,,,,,,
animizes,animiezes,,,,,,,,
animizing,animiezing,,,,,,,,
animosities,animositys,,,,,,,,
animosity,animosity,,,,,,,,
animus,asimus,,,,,,,,
aninversary,anivursary,,,,,,,,
anion,anieon,,,,,,,,
anionic,anieonik,,,,,,,,
anionics,anieoniks,,,,,,,,
anions,anieons,,,,,,,,
anise,anis,,,,,,,,
aniseed,aniseed,,,,,,,,
aniseeds,aniseeds,,,,,,,,
ankle,ankl,,,,,,,,
anklebone,anklboen,,,,,,,,
anklebones,anklboens,,,,,,,,
ankles,ankls,,,,,,,,
anklet,anklet,,,,,,,,
anklets,anklets,,,,,,,,
annalist,analist,,,,,,,,
annalists,analists,,,,,,,,
annals,anals,,,,,,,,
anneal,aneel,,,,,,,,
annealed,aneeld,,,,,,,,
anneales,aneels,,,,,,,,
annealing,aneeling,,,,,,,,
anneals,aneels,,,,,,,,
annex,anex,,,,,,,,
annexation,anexsaeshon,*,,,,,,,
annexations,anexsaeshons,*,,,,,,,
annexed,anext,,,,,,,,
annexes,anexes,*,,,,,,,
annexing,anexing,*,,,,,,,
annihilate,anieilaet,,,,,,,,
annihilated,anieilaeted,,,,,,,,
annihilates,anieilaets,,,,,,,,
annihilating,anieilaeting,,,,,,,,
annihilation,anieilaeshon,,,,,,,,
annihilations,anieilaeshons,,,,,,,,
annihilator,anieilaetor,,,,,,,,
annihilators,anieilaetors,,,,,,,,
anniversaries,anivursarys,*,,,,,,,
annotate,anoetaet,,,,,,,,
annotated,anoetaeted,,,,,,,,
annotates,anoetaets,,,,,,,,
annotating,anoetaeting,,,,,,,,
annotation,anoetaeshon,,,,,,,,
annotations,anoetaeshons,,,,,,,,
annotator,anoetaetor,,,,,,,,
annotators,anoetaetors,,,,,,,,
announce,anounss,,,,,,,,
announced,anounst,,,,,,,,
announcement,anounsment,,,,,,,,
announcements,anounsments,,,,,,,,
announcer,anounser,,,,,,,,
announcers,anounsers,,,,,,,,
announces,anounses,,,,,,,,
announcing,anounsing,,,,,,,,
annoy,anoy,*,,,,,,,
annoyance,anoyanss,*,,,,,,,
annoyances,anoyanses,*,,,,,,,
annoyed,anoyd,*,,,,,,,
annoying,anoying,*,,,,,,,
annoyingly,anoyingly,*,,,,,,,
annoys,anoys,*,,,,,,,
annual,anueal,,,,,,,,
annually,anuealy,,,,,,,,
anoint,anoint,,,,,,,,
anointed,anointed,,,,,,,,
anointing,anointing,,,,,,,,
anoints,anoints,,,,,,,,
another,anuther,,,,,,,,
another’s,anuther’s,,,,,,,,
answer,anser,,,,,,,,
answerable,anserabl,,,,,,,,
answerably,anserably,,,,,,,,
answered,anserd,,,,,,,,
answering,ansering,,,,,,,,
answers,ansers,,,,,,,,
ant,ant,,,,,,,,
antacid,antasid,,,,,,,,
antacids,antasids,,,,,,,,
antagonism,antagonizm,,,,,,,,
antagonisms,antagonizms,,,,,,,,
antagonist,antagonist,,,,,,,,
antagonistic,antagonistik,,,,,,,,
antagonistically,antagonistikaly,,,,,,,,
antagonists,antagonists,,,,,,,,
antagonize,antagoniez,,,,,,,,
antagonized,antagoniezd,,,,,,,,
antagonizes,antagoniezes,,,,,,,,
antagonizing,antagoniezing,,,,,,,,
anteater,anteeter,,,,,,,,
anteaters,anteeters,,,,,,,,
antedate,antidaet,,,,,,,,
antedated,antidaeted,,,,,,,,
antedates,antidaets,,,,,,,,
antedating,antidaeting,,,,,,,,
antediluvian,antidiloovian,,,,,,,,
antediluvians,antidiloovians,,,,,,,,
antefix,antifix,,,,,,,,
antelope,anteloep,,,,,,,,
antelopes,anteloeps,,,,,,,,
antemeridian,antimeridian,,,,,,,,
antemeridian,anty-meridian,,,,,,,,
antemortem,anty-mortem,*,,,,,,,
antenatal,anty-naetal,,,,,,,,
antenatally,anty-naetaly,*,,,,,,,
antenna,antena,,,,,,,,
antennae,anteni,,,,,,,,
antennal,antenal,,,,,,,,
antennas,antenas,,,,,,,,
antennule,antenuel,*,,,,,,,
antennules,antenuels,,,,,,,,
antependia,anty-pendia,,,,,,,,
antependium,anty-pendium,,,,,,,,
antepenult,anty-penult,,,,,,,,
antepenultimate,anty-penultimat,,,,,,,,
anterior,anteerior,,,,,,,,
anteroom,antyroom,,,,,,,,
anterooms,antyrooms,,,,,,,,
anthelia,ant-heelia,,,,,,,,
anthelion,ant-heelion,*,,,,,,,
anthelions,ant-heelions,,,,,,,,
anthelminthic,ant-helminthik,*,,,,,,,
anthem,anthem,,,,,,,,
anthemia,antheemia,,,,,,,,
anthemion,antheemion,,,,,,,,
anthems,anthems,,,,,,,,
anther,anther,,,,,,,,
antheridia,antheridia,,,,,,,,
antheridial,antheridial,*,,,,,,,
antheridium,antheridium,*,,,,,,,
antherozoid,antherozoid,*,,,,,,,
anthers,anthers,,,,,,,,
antheses,antheesys,*,,,,,,,
anthesis,antheesis,*,,,,,,,
anthill,ant-hil,,,,,,,,
anthills,ant-hils,,,,,,,,
anthocyan,anthosiean,*,,,,,,,
anthocyanin,anthosieanin,*,,,,,,,
anthological,antholojikal,,,,,,,,
anthologies,antholojys,,,,,,,,
anthologist,antholojist,,,,,,,,
anthologists,antholojists,,,,,,,,
anthologize,antholojiez,,,,,,,,
anthologized,antholojiezd,,,,,,,,
anthologizer,antholojiezer,*,,,,,,,
anthologizers,antholojiezers,*,,,,,,,
anthologizes,antholojiezes,,,,,,,,
anthologizing,antholojiezing,,,,,,,,
anthology,antholojy,,,,,,,,
anthophilous,anthofilus,,,,,,,,
anthozoan,anthozoean,*,,,,,,,
anthozoic,anthozoeik,*,,,,,,,
anthracene,anthraseen,*,,,,,,,
anthraces,anthrasys,,,,,,,,
anthracite,anthrasiet,,,,,,,,
anthracites,anthrasiets,,,,,,,,
anthracitic,anthrasitik,,,,,,,,
anthracnose,anthraknoess,,,,,,,,
anthracosis,anthracoesis,*,,,,,,,
anthraquinone,anthraqinoen,*,,,,,,,
anthrax,anthrax,,,,,,,,
anthrop,anthrop,,,,,,,,
anthropic,anthropik,*,,,,,,,
anthropical,anthropikal,*,,,,,,,
anthropoid,anthropoid,,,,,,,,
anthropoids,anthropoids,,,,,,,,
anti,anti,,,,,,,,
antiaircraft,anti-aercraft,,,,,,,,
antic,antik,,,,,,,,
anticipate,antisipaet,,,,,,,,
anticipated,antisipaeted,,,,,,,,
anticipates,antisipaets,,,,,,,,
anticipating,antisipaeting,,,,,,,,
anticipation,antisipaeshon,,,,,,,,
anticipations,antisipaeshons,,,,,,,,
anticipatory,antisipatory,,,,,,,,
antics,antiks,,,,,,,,
antidote,antidoet,,,,,,,,
antidotes,antidoets,,,,,,,,
antiestablishment,anti-establishment,,,,,,,,
antigen,antijen,,,,,,,,
antigens,antijens,,,,,,,,
antimony,antimony,,,,,,,,
antipathy,antipathy,,,,,,,,
antiquarian,antiqaerian,,,,,,,,
antiquarians,antiqaerians,,,,,,,,
antique,anteek,,,,,,,,
antiques,anteeks,,,,,,,,
antiquity,antiqity,,,,,,,,
antireligious,anti-relijus,,,,,,,,
ants,ants,,,,,,,,
aorta,aeorta,,,,,,,,
aortal,aeortal,,,,,,,,
aortas,aeortas,,,,,,,,
apart,apart,,,,,,,,
apartment,apartment,,,,,,,,
apartments,apartments,,,,,,,,
apathetic,apathetik,,,,,,,,
apathetical,apathetikal,,,,,,,,
apathetically,apathetikaly,,,,,,,,
apathies,apathys,,,,,,,,
apathy,apathy,,,,,,,,
ape,aep,,,,,,,,
aperture,apercher,,,,,,,,
apertures,aperchers,,,,,,,,
apes,aeps,,,,,,,,
aphid,aefid,,,,,,,,
aphid,afid,,,,,,,,
aphids,aefids,,,,,,,,
aphids,afids,,,,,,,,
apiece,apeess,,,,,,,,
aping,aeping,,,,,,,,
apish,aepish,,,,,,,,
apishly,aepishly,,,,,,,,
aplomb,aplum,,,,,,,,
apologetic,apolojetik,,,,,,,,
apologetical,apolojetikal,*,,,,,,,
apologetically,apolojetikaly,,,,,,,,
apologetics,apolojetiks,,,,,,,,
apologies,apolojys,,,,,,,,
apologist,apolojist,,,,,,,,
apologists,apolojists,,,,,,,,
apologize,apolojiez,,,,,,,,
apologized,apolojiezd,,,,,,,,
apologizes,apolojiezes,,,,,,,,
apologizing,apolojiezing,,,,,,,,
apology,apolojy,,,,,,,,
apoplectic,apoplektik,,,,,,,,
apoplectically,apoplektikaly,,,,,,,,
apoplexies,apoplexsys,,,,,,,,
apoplexy,apoplexsy,,,,,,,,
appall,apaul,,,,,,,,
appalled,apauld,,,,,,,,
appalling,apauling,,,,,,,,
appalls,apauls,,,,,,,,
appeal,apeel,,,,,,,,
appealed,apeeld,,,,,,,,
appealing,apeeling,,,,,,,,
appeals,apeels,,,,,,,,
appear,apeer,,,,,,,,
appearance,apeeranss,,,,,,,,
appeared,apeerd,,,,,,,,
appearing,apeering,,,,,,,,
appears,apeers,,,,,,,,
appease,apeez,,,,,,,,
appeasement,apeezment,,,,,,,,
appeaser,apeezer,,,,,,,,
appeasers,apeezers,,,,,,,,
appeasing,apeezing,,,,,,,,
append,apend,,,,,,,,
appendectomies,apendektomys,,,,,,,,
appendectomy,apendektomy,,,,,,,,
appended,apended,,,,,,,,
appendices,apendises,,,,,,,,
appendicitis,apendisietis,,,,,,,,
appending,apending,,,,,,,,
appendix,apendix,,,,,,,,
appendixes,apendixes,,,,,,,,
appends,apends,,,,,,,,
appetite,apetiet,,,,,,,,
appetites,apetiets,,,,,,,,
appetizer,apetiezer,,,,,,,,
appetizers,apetiezers,,,,,,,,
appetizing,apetiezing,,,,,,,,
applaud,aplaud,,,,,,,,
applauded,aplauded,,,,,,,,
applauder,aplauder,,,,,,,,
applauders,aplauders,,,,,,,,
applauding,aplauding,,,,,,,,
applauds,aplauds,,,,,,,,
applause,aplauz,,,,,,,,
apple,apl,,,,,,,,
applesauce,aplsaus,,,,,,,,
applicable,aplicabl,,,,,,,,
applicably,aplicably,,,,,,,,
application,aplicaeshon,,,,,,,,
applications,aplicaeshons,,,,,,,,
applied,aplied,,,,,,,,
applies,aplies,,,,,,,,
apply,aplie,,,,,,,,
applying,aplieing,,,,,,,,
appositive,apozitiv,,,,,,,,
appositives,apozitivs,,,,,,,,
appraisable,apraezabl,,,,,,,,
appraisal,apraezal,,,,,,,,
appraisals,apraezals,,,,,,,,
appraise,apraez,,,,,,,,
appraiser,apraezer,,,,,,,,
appraisers,apraezers,,,,,,,,
appraising,apraezing,,,,,,,,
apprehend,aprehend,,,,,,,,
apprehended,aprehended,,,,,,,,
apprehending,aprehending,,,,,,,,
apprehends,aprehends,,,,,,,,
apprehension,aprehenshon,,,,,,,,
apprehensions,aprehenshons,,,,,,,,
apprehensive,aprehensiv,,,,,,,,
apprehensively,aprehensivly,,,,,,,,
appropriate,aproepriaet,,,,,,,,
appropriate,aproepriat,,,,,,,,
appropriate,aproepriat,,,,,,,,
appropriated,aproepriaeted,,,,,,,,
appropriately,aproepriatly,,,,,,,,
appropriately,aproepriatly,,,,,,,,
appropriates,aproepriaets,,,,,,,,
appropriating,aproepriaeting,,,,,,,,
appropriation,aproepriaeshon,,,,,,,,
appropriations,apropriaeshons,,,,,,,,
approval,aprooval,,,,,,,,
approvals,aproovals,,,,,,,,
approve,aproov,,,,,,,,
approved,aproovd,,,,,,,,
approver,aproover,,,,,,,,
approvers,aproovers,,,,,,,,
approves,aproovs,,,,,,,,
approving,aprooving,,,,,,,,
apraisabilities,apraezabilitys,*,,,,,,,
apraisability,apraezability,*,,,,,,,
apricot,aeprikot,,,,,,,,
apricots,aeprikots,,,,,,,,
April,Aepril,,,,,,,,
apt,apt,,,,,,,,
apter,apter,*,,,,,,,
aptest,aptest,,,,,,,,
aptitude,aptitood,,,,,,,,
aptitudes,aptitoods,,,,,,,,
aptitudinal,aptitoodinal,*,,,,,,,
aqualung,aqalung,,,,,,,,
aqualungs,aqalungs,,,,,,,,
aquatic,aqotik,,,,,,,,
aquatically,aqotikaly,,,,,,,,
arabesque,arrabesk,,,,,,,,
arabesques,arrabesks,,,,,,,,
arable,arrabl,,,,,,,,
arbitrarily,arbitraerily,,,,,,,,
arbitrariness,arbitraerynes,,,,,,,,
arbitrary,arbitraery,,,,,,,,
arbitration,arbitraeshon,,,,,,,,
arbor,arbor,,,,,,,,
arbors,arbors,,,,,,,,
arcade,arcaed,,,,,,,,
arcades,arcaeds,,,,,,,,
arcane,arcaen,,,,,,,,
arcanely,arcaenly,*,,,,,,,
arced,arkt,,,,,,,,
arch,arch,,,,,,,,
archangel,archaenjel,,,,,,,,
archangels,archaenjels,,,,,,,,
arched,archt,,,,,,,,
arches,arches,,,,,,,,
arching,arching,,,,,,,,
architect,arkitekt,,,,,,,,
architects,arkitekts,,,,,,,,
architectural,arkitekcheral,,,,,,,,
architecturally,arkitekcheraly,,,,,,,,
architecture,arkitekcher,,,,,,,,
architectures,arkitekchers,,,,,,,,
arcing,arking,,,,,,,,
arctic,artik,,,,,,,,
ardent,ardent,,,,,,,,
ardently,ardently,,,,,,,,
ardor,ardor,,,,,,,,
ardors,ardors,,,,,,,,
are,ar,,,,,,,,
Argentina,Arjenteena,,,,,,,,
arguable,argueabl,,,,,,,,
argue,argue,,,,,,,,
argued,argued,,,,,,,,
argues,argues,,,,,,,,
arguing,argueing,,,,,,,,
argument,arguement,,,,,,,,
argumentation,arguementaeshon,,,,,,,,
argumentative,arguementativ,,,,,,,,
arguments,arguments,,,,,,,,
arise,ariez,,,,,,,,
arisen,arizen,,,,,,,,
arises,ariezes,,,,,,,,
arising,ariezing,,,,,,,,
ark,ark,,,,,,,,
arks,arks,,,,,,,,
arm,arm,,,,,,,,
armada,armaada,,,,,,,,
armadas,armaadas,,,,,,,,
armadillo,armadilo,,,,,,,,
armadillos,armadiloes,,,,,,,,
armament,armament,,,,,,,,
armaments,armaments,,,,,,,,
armature,armacher,,,,,,,,
armatures,armachers,,,,,,,,
armchair,armchaer,*,,,,,,,
armchairs,armchaers,*,,,,,,,
armed,armd,,,,,,,,
armful,armful,,,,,,,,
armfuls,armfuls,,,,,,,,
armhole,armhoel,,,,,,,,
armholes,armhoels,,,,,,,,
armies,armys,,,,,,,,
arming,arming,,,,,,,,
armor,armor,,,,,,,,
armored,armord,,,,,,,,
armories,armorys,,,,,,,,
armory,armory,,,,,,,,
armpit,armpit,,,,,,,,
armpits,armpits,,,,,,,,
arms,arms,,,,,,,,
army,army,,,,,,,,
armyworm,armywurm,,,,,,,,
armyworms,armywurms,,,,,,,,
army’s,army’s,,,,,,,,
aroma,aroema,,,,,,,,
aromas,aroemas,,,,,,,,
aromatic,arroematik,,,,,,,,
arose,aroez,,,,,,,,
arousal,arouzal,,,,,,,,
arousals,arouzals,,,,,,,,
arouse,arouz,,,,,,,,
aroused,arouzd,,,,,,,,
arouses,arouzes,,,,,,,,
arousing,arouzing,,,,,,,,
arraign,araen,,,,,,,,
arraigned,araend,,,,,,,,
arraigning,araening,,,,,,,,
arraignment,araenment,,,,,,,,
arraignments,araenments,,,,,,,,
arraigns,araens,,,,,,,,
arrange,araenj,,,,,,,,
arranged,araenjd,,,,,,,,
arrangement,araenjment,,,,,,,,
arrangements,araenjments,,,,,,,,
arranger,araenjer,,,,,,,,
arrangers,araenjers,,,,,,,,
arranges,araenjes,,,,,,,,
arranging,araenjing,,,,,,,,
arrant,arrant,,,,,,,,
array,arae,,,,,,,,
arrayed,araed,,,,,,,,
arraying,araeing,,,,,,,,
arrays,araes,,,,,,,,
arrear,areer,,,,,,,,
arrearage,areer,,,,,,,,
arrears,areers,,,,,,,,
arrest,arest,,,,,,,,
arrested,arest,,,,,,,,
arresting,aresting,,,,,,,,
arrests,arests,,,,,,,,
arsenal,arsenal,,,,,,,,
arsenals,arsenals,,,,,,,,
arson,arson,,,,,,,,
arsonist,arsonist,,,,,,,,
arsonists,arsonists,,,,,,,,
art,art,,,,,,,,
arterial,arteerial,,,,,,,,
arteries,arterys,,,,,,,,
artery,artery,,,,,,,,
artful,artful,,,,,,,,
artfully,artfuly,,,,,,,,
artfulness,artfulnes,,,,,,,,
arthritic,arthritik,,,,,,,,
arthritics,arthritiks,,,,,,,,
arthritis,arthrietis,,,,,,,,
arthropod,arthropod,,,,,,,,
arthropods,arthropods,,,,,,,,
article,artikl,,,,,,,,
articles,artikls,,,,,,,,
articulate,articuelaet,,,,,,,,
articulate,articuelet,,,,,,,,
articulated,articuelaeted,,,,,,,,
articulates,articuelaets,,,,,,,,
articulating,articuelaeting,,,,,,,,
articulation,articuelaeshon,,,,,,,,
articulations,articuelaeshons,,,,,,,,
artifact,artifakt,,,,,,,,
artifacts,artifakts,,,,,,,,
artifice,artifis,,,,,,,,
artificial,artifishal,,,,,,,,
artificiality,artifishiality,,,,,,,,
artificially,artifishaly,,,,,,,,
artillery,artilery,,,,,,,,
artisan,artisan,,,,,,,,
artisans,artisans,,,,,,,,
artist,artist,,,,,,,,
artistic,artistik,,,,,,,,
artistically,artistikaly,,,,,,,,
artistry,artistry,,,,,,,,
artists,artists,,,,,,,,
artless,artles,,,,,,,,
artlessly,artlesly,,,,,,,,
arts,arts,,,,,,,,
as,as,1,,,explicit exception:/az/,,,,
aside,asied,,,,,,,,
asides,asieds,,,,,,,,
asinine,asinien,,,,,,,,
ask,ask,,,,,,,,
asked,askt,,,,,,,,
asking,asking,,,,,,,,
asks,asks,,,,,,,,
asocial,aesoeshal,,,,,,,,
asocially,aesoeshaly,*,,,,,,,
aspect,aspekt,,,,,,,,
aspects,aspekts,,,,,,,,
aspen,aspen,,,,,,,,
aspens,aspens,,,,,,,,
asphalt,asfault,,,,,,,,
asphyxiate,asfixsiaet,,,,,,,,
asphyxiated,asfixsiaeted,,,,,,,,
asphyxiates,asfixsiaets,,,,,,,,
asphyxiating,asfixsiaeting,,,,,,,,
asphyxiation,asfixsiaeshon,,,,,,,,
asphyxiations,asfixsiaeshons,,,,,,,,
ass,ass,,,,,,,,
assail,asael,,,,,,,,
assailant,asaelant,,,,,,,,
assailants,asaelants,,,,,,,,
assailed,asaeld,,,,,,,,
assailing,asaeling,,,,,,,,
assails,asaels,,,,,,,,
assassin,asasin,,,,,,,,
assassinate,asasinaet,,,,,,,,
assassinated,asasinaeted,,,,,,,,
assassinates,asasinaets,,,,,,,,
assassinating,asasinaeting,,,,,,,,
assassination,asasinaeshon,,,,,,,,
assassinations,asasinaeshons,,,,,,,,
assassins,asasins,,,,,,,,
assemble,asembl,,,,,,,,
assemble,asembls,,,,,,,,
assembled,asembld,,,,,,,,
assemblies,asemblys,,,,,,,,
assembling,asembling,,,,,,,,
assembly,asembly,,,,,,,,
asses,ases,,,,,,,,
asshole,ass-hoel,,,,,,,,
assholes,ass-hoels,,,,,,,,
assign,asien,,,,,,,,
assigned,asiend,,,,,,,,
assigning,asiening,,,,,,,,
assignment,asienment,,,,,,,,
assignments,asienments,,,,,,,,
assigns,asiens,,,,,,,,
assist,asist,,,,,,,,
assistance,asistanss,,,,,,,,
assisted,asisted,,,,,,,,
assisting,asisting,,,,,,,,
assists,asists,,,,,,,,
associate,asoeshiaet,,,,,,,,
associate,asoeshiat,,,,,,,,
associated,asoeshiaeted,,,,,,,,
associates,asoeshiaets,,,,,,,,
associates,asoeshiats,,,,,,,,
associating,asoeshiaeting,,,,,,,,
association,asoeshiaeshon,,,,,,,,
associations,asoeshiaeshons,,,,,,,,
associative,asoeshiaetiv,,,,,,,,
assume,asuem,,,,,,,,
assumed,asuemd,,,,,,,,
assumes,asuems,,,,,,,,
assuming,asueming,,,,,,,,
assumption,asumpshon,,,,,,,,
assumption,asumpshons,,,,,,,,
assure,ashuur,,,,,,,,
assured,ashuurd,,,,,,,,
assuredly,ashuuredly,,,,,,,,
assures,ashuurs,,,,,,,,
assuring,ashuuring,,,,,,,,
asterism,asterizm,,,,,,,,
asterisms,asterizms,,,,,,,,
asteroid,asteroid,,,,,,,,
asteroidal,asteroidal,*,,,,,,,
asteroids,asteroids,,,,,,,,
asthma,azma,,,,,,,,
asthmatic,azmatik,,,,,,,,
asthmatics,azmatiks,,,,,,,,
astigmatic,astigmatik,,,,,,,,
astigmatism,astigmatizm,,,,,,,,
astir,astur,,,,,,,,
astonish,astonish,,,,,,,,
astonished,astonisht,,,,,,,,
astonishes,astonishes,,,,,,,,
astonishing,astonishing,,,,,,,,
astonishingly,astonishingly,,,,,,,,
astonishment,astonishment,,,,,,,,
astonishments,astonishments,,,,,,,,
astride,astried,,,,,,,,
astringent,astrinjent,,,,,,,,
astringently,astrinjently,,,,,,,,
astringents,astrinjents,,,,,,,,
astrolabe,astrolaeb,,,,,,,,
astrolabes,astrolaebs,,,,,,,,
astrologer,astrolojer,,,,,,,,
astrologers,astrolojers,,,,,,,,
astrologic,astrolojik,,,,,,,,
astrological,astrolojikal,,,,,,,,
astrologically,astrolojikaly,,,,,,,,
astrologist,astrolojist,,,,,,,,
astrologists,astrolojists,,,,,,,,
astrology,astrolojy,,,,,,,,
astronaut,astronaut,,,,,,,,
astronauts,astronauts,,,,,,,,
astronomer,astronomer,,,,,,,,
astronomers,astronomers,,,,,,,,
astronomic,astronomik,,,,,,,,
astronomical,astronomikal,,,,,,,,
astronomically,astronomikaly,,,,,,,,
astronomies,astronomys,,,,,,,,
astronomy,astronomy,,,,,,,,
astrophysical,astrofizikal,,,,,,,,
astrophysically,astrofizikaly,,,,,,,,
astrophysicist,astrofizisist,,,,,,,,
astrophysicists,astrofizisists,,,,,,,,
astrophysics,astrofiziks,,,,,,,,
Astroturf,Astroturf,,,,,,,,
asymmetrical,aesimetrikal,,,,,,,,
asymmetrically,aesimetrikaly,,,,,,,,
asymmetries,aesimetrys,,,,,,,,
asymmetry,aesimetry,,,,,,,,
at,at,,,,,,,,
atchoo,achoo,,,,,,,,
atchoos,achoo,,,,,,,,
ate,aet,,,,,,,,
atheism,aetheeizm,,,,,,,,
atheist,aetheeist,,,,,,,,
atheistically,aetheeistikaly,,,,,,,,
atheists,aetheeists,,,,,,,,
atrium,aetrium,,,,,,,,
atriums,aetriums,,,,,,,,
attain,ataen,,,,,,,,
attainable,ataenabl,,,,,,,,
attainably,ataenably,,,,,,,,
attainder,ataender,,,,,,,,
attainders,ataenders,,,,,,,,
attained,ataend,,,,,,,,
attaining,ataening,,,,,,,,
attainment,ataenment,,,,,,,,
attainments,ataenments,,,,,,,,
attains,ataens,,,,,,,,
attempt,atempt,,,,,,,,
attempted,atempted,,,,,,,,
attempts,atempts,,,,,,,,
attend,atend,,,,,,,,
attended,atended,,,,,,,,
attending,atending,,,,,,,,
attends,atends,,,,,,,,
attention,atenshon,,,,,,,,
attentions,atenshons,,,,,,,,
attentive,atentiv,,,,,,,,
attentively,atentivly,,,,,,,,
attentiveness,atentivnes,,,,,,,,
attire,atier,,,,,,,,
attired,atierd,,,,,,,,
attitude,atitood,,,,,,,,
attitude,atitued,,,,,,,,
attitudes,atitoods,,,,,,,,
attitudinal,atitoodinal,,,,,,,,
attitudinally,atitoodinaly,,,,,,,,
attract,atrakt,,,,,,,,
attractable,atraktabl,,,,,,,,
attracted,atrakted,,,,,,,,
attracting,atrakting,,,,,,,,
attraction,atrakshon,,,,,,,,
attractions,atrakshons,,,,,,,,
attractive,atraktiv,,,,,,,,
attractively,atraktivly,,,,,,,,
attracts,atrakts,,,,,,,,
attribute,atribuet,,,,,,,,
attributed,atribueted,,,,,,,,
attributes,atribuets,,,,,,,,
attributing,atribueting,,,,,,,,
attribution,atribueshon,,,,,,,,
attributions,atribueshons,,,,,,,,
attributive,atribuetiv,,,,,,,,
attrition,atrishon,,,,,,,,
atypical,aetipikal,,,,,,,,
atypically,aetipikaly,,,,,,,,
auction,aukshon,,,,,,,,
auctioned,aukshond,,,,,,,,
auctioneer,aukshoneer,,,,,,,,
auctioneering,aukshoneering,,,,,,,,
auctioneers,aukshoneers,,,,,,,,
auctioning,aukshoning,,,,,,,,
auctions,aukshons,,,,,,,,
audacious,audaeshus,,,,,,,,
audaciously,audaeshusly,,,,,,,,
audacities,audasitys,,,,,,,,
audacity,audasity,,,,,,,,
audible,audibl,,,,,,,,
audibly,aubibly,,,,,,,,
audience,audi’enss,,,,,,,,
audiences,audi’enses,,,,,,,,
audit,audit,,,,,,,,
audited,audited,,,,,,,,
auditing,auditing,,,,,,,,
audition,audishon,,,,,,,,
auditioned,audishond,,,,,,,,
auditioning,audishoning,,,,,,,,
auditions,audishons,,,,,,,,
auditor,auditor,,,,,,,,
auditors,auditors,,,,,,,,
audits,audits,,,,,,,,
augment,augment,,,,,,,,
augmentation,augmentaeshon,,,,,,,,
augmentations,augmentaeshons,,,,,,,,
augmentative,augmentaetiv,,,,,,,,
augmented,augmented,,,,,,,,
augmenting,augmenting,,,,,,,,
augments,augments,,,,,,,,
auk,auk,,,,,,,,
auks,auks,,,,,,,,
aunt,ant,,,,,,,aunt,
aunt,aunt,,,,,,,,
austere,austeer,,,,,,,,
austerely,austeerly,,,,,,,,
austerity,austerrity,,,,,,,,
authentic,authentik,,,,,,,,
authentically,authenticaly,,,,,,,,
authenticate,authenticaet,,,,,,,,
authenticated,authenticaeted,,,,,,,,
authenticates,authenticaets,,,,,,,,
authenticating,authenticaeting,,,,,,,,
authentication,authenticaeshon,,,,,,,,
authentications,authenticaeshons,,,,,,,,
authenticity,authentisity,,,,,,,,
author,author,,,,,,,,
authoritarian,authoritaerian,,,,,,,,
authoritarianism,authoritaerianizm,,,,,,,,
authoritarianist,authoritaerianist,*,,,,,,,
authoritarianists,authoritaerianists,*,,,,,,,
authoritarians,authoritaerians,,,,,,,,
authorities,authoritys,,,,,,,,
authority,authority,,,,,,,,
authorization,authoriezaeshon,,,,,,,,
authorizations,authoriezaeshons,,,,,,,,
authorize,authoriez,,,,,,,,
authorized,authoriezd,,,,,,,,
authorizes,authoriezes,,,,,,,,
authorizing,authoriezing,,,,,,,,
authors,authors,,,,,,,,
autism,autizm,,,,,,,,
autistic,autistik,,,,,,,,
avenue,avenu,,,,,,,,
avenues,avenues,,,,,,,,
aversion,avurzhon,,,,,,,,
aversions,avurzhons,,,,,,,,
avert,avurt,,,,,,,,
averted,avurted,,,,,,,,
averting,avurting,,,,,,,,
averts,avurts,,,,,,,,
avian,aevian,,,,,,,,
avians,aevians,*,,,,,,,
aviation,aeviaeshon,,,,,,,,
aviator,aeviaetor,,,,,,,,
aviators,aeviaetors,,,,,,,,
awe,aw,,,,,,,,
awesome,ausum,,,,,,,,
awesomely,ausumly,,,,,,,,
awesomeness,ausumnes,,,,,,,,
awful,auful,,,,,,,,
awfully,aufuly,,,,,,,,
awfulness,aufulnes,,,,,,,,
awing,awing,,,,,,,,
awkward,aukward,,,,,,,,
awkwardly,aukwardly,,,,,,,,
awkwardness,aukwardnes,,,,,,,,
awl,aul,,,,,,,,
awls,auls,,,,,,,,
azure,azher,,,,,,,,
a’a,aa’aa,*,,,,,,,
