the,the
be,bé
and,and
a,a
of,ov
to,too
in,in
I,I
you,U
it,it
have,hav
to,too
that,that
for,for
do,doo
he,hé
with,with
on,on
this,this
n't,n't
we,wé
that,that
not,not
but,but
they,thá
say,sá
at,at
what,wot
his,hiz
from,from
go,gó
or,or
by,bí
get,get
she,shé
my,mí
can,kan
as,az
know,nó
if,if
me,mé
your,yor
all,aul
who,hoo
about,about
their,thair
will,wil
so,só
would,wuud
make,mák
just,just
up,up
think,thhingk
time,tím
there,thair
see,sé
her,hur
as,az
out,out
one,wun
come,kum
people,pépel
take,ták
year,yér
him,him
them,them
some,sum
want,wont
how,hou
when,wen
which,wich
now,nou
like,lík
other,uther
could,kuud
our,our
into,intoo
here,hér
then,then
than,than
look,luuk
way,wá
more,mor
these,théz
no,nó
thing,thhing
well,wel
because,bikauz
also,aulsó
two,too
use,úz
tell,tel
good,guud
first,furst
man,man
day,dá
find,fínd
give,giv
more,mor
new,nú
one,wun
us,us
any,ené
those,thóz
very,verré
her,hur
need,need
back,bak
there,thair
should,shuud
even,éven
only,ónlé
many,mené
really,rélé
work,wurk
life,líf
why,wí
right,rít
down,doun
on,on
try,trí
let,let
something,sumthhing
too,too
call,kaul
woman,wumen
may,má
still,stil
through,thhroo
mean,mén
after,after
never,never
no,nó
world,wurld
in,intoo
feel,fél
yeah,yair
great,grát
last,last
child,chíld
oh,Ó
over,óver
ask,ask
when,wen
as,az
school,skool
state,stát
much,much
talk,tauk
out,out
keep,kép
leave,lév
put,puut
like,lík
help,help
big,big
where,wair
same,sám
all,aul
own,ón
while,wíl
start,start
three,thhré
high,hí
every,evré
another,anuther
become,bikum
most,móst
between,bitwén
happen,hapen
family,famelé
over,óver
president,prezident
old,óld
yes,yes
house,hous
show,shó
again,agenn
student,stúdent
so,só
seem,sém
might,mít
part,part
hear,hér
its,itz
place,plás
problem,problem
where,wair
believe,bilév
country,kuntré
always,aulwáz
week,wék
point,point
hand,hand
off,of
play,plá
turn,turn
few,fú
group,groop
such,such
against,agennst
run,run
guy,gí
about,about
case,cás
question,qeschen
work,wurk
night,nít
live,liv
game,gám
number,number
write,rít
bring,bring
without,without
money,muné
lot,lot
most,móst
book,buuk
system,sistem
government,government
next,nekst
city,sité
company,kompené
story,storé
today,tooday
job,job
move,moov
must,must
bad,bad
friend,frend
during,dúring
begin,bigin
love,luv
each,éch
hold,hóld
different,diferent
American,Ameriken
little,litel
before,bifor
ever,ever
word,wurd
fact,fakt
right,rít
read,red
anything,enéthhing
nothing,nothhing
sure,shuur
small,smaul
month,munthh
program,prógram
maybe,mábé
right,rít
under,under
business,biznes
home,hóm
kind,kínd
stop,stop
pay,pá
study,studé
since,sins
issue,isú
name,nám
idea,ídée
room,room
percent,persennt
far,far
away,awá
law,lau
actually,akchooelé
large,larj
though,thhroo
provide,províd
lose,looz
power,pouer
kid,kid
war,wor
understand,understand
head,hed
mother,muther
real,rél
best,best
team,tém
eye,í
long,long
long,long
side,síd
water,wauter
young,yung
wait,wát
okay,óká
both,bóthh
yet,yet
after,after
meet,mét
service,survis
area,airée
important,importent
person,pursen
hey,há
thank,thhangk
much,much
someone,sumwun
end,end
change,chánj
however,houevver
only,ónlé
around,around
hour,our
everything,evréthhing
national,nashenel
four,for
line,lín
girl,gurl
around,around
watch,wach
until,until
father,faather
sit,sit
create,kréát
information,infermáshen
car,kar
learn,lurn
least,lést
already,aulreddé
kill,kil
minute,minit
party,parté
include,inklood
stand,stand
together,toogether
back,bak
follow,foló
health,helthh
remember,rimemmber
often,often
reason,rézen
speak,spék
ago,agó
set,set
black,blak
member,member
community,komúneté
once,wuns
social,sóshel
news,núz
allow,alou
win,win
body,bodé
lead,léd
continue,kontinú
whether,wether
enough,inuf
spend,spen
level,level
able,ábel
political,politikel
almost,aulmóst
boy,boi
university,úniverseté
before,bifor
stay,stá
add,ad
later,láter
change,chánj
five,fív
probably,probeblé
center,senter
among,amung
face,fás
public,publik
die,dí
food,food
else,els
history,histery
buy,bí
result,rizult
morning,morning
off,of
parent,pairent
office,ofis
course,kors
send,send
research,résurch
walk,wauk
door,dor
white,wít
several,severel
court,kort
home,hóm
grow,gró
better,beter
open,ópen
moment,móment
including,inklooding
consider,konsider
both,bóthh
such,such
little,litel
within,within
second,sekend
late,lát
street,strét
free,fré
better,beter
everyone,evréwun
policy,polesé
table,tábel
sorry,sorré
care,kair
low,ló
human,húmen
please,pléz
hope,hóp
true,troo
process,próses
teacher,técher
data,dáta
offer,ofer
death,dethh
whole,hól
experience,ekspéréens
plan,plan
easy,éze
education,edúkáshen
build,bild
expect,ekspekkt
fall,faul
himself,himsellf
age,áj
hard,hard
sense,sens
across,akros
show,shó
early,urlé
college,kolij
music,músik
appear,apér
mind,mínd
class,klas
police,polés
use,ús
effect,efekkt
season,sézen
tax,taks
heart,hart
son,sun
art,art
possible,posebel
serve,surv
break,brák
although,aulthó
end,end
market,market
even,éven
air,air
force,fors
require,riqír
foot,fuut
up,up
listen,lisen
agree,agré
according,akording
anyone,enéwun
baby,bábé
wrong,rong
love,luv
cut,kut
decide,disíd
republican,ripubliken
full,fuul
behind,bihínd
pass,pas
interest,intrest
sometimes,sumtímz
security,sikúreté
eat,ét
report,riport
control,kontról
rate,rát
local,lókal
suggest,sujesst
report,riport
nation,náshen
sell,sel
action,akshen
support,suport
wife,wíf
decision,disizhen
receive,risév
value,valú
base,bás
pick,pik
phone,fón
thanks,thhangkz
event,ivennt
drive,drív
strong,strong
reach,réch
remain,rimán
explain,eksplán
site,sít
hit,hit
pull,puul
church,church
model,model
perhaps,perhapz
relationship,riláshenship
six,siks
fine,fín
movie,moové
field,féld
raise,ráz
less,les
player,pláer
couple,kupel
million,milyen
themselves,themsellvz
record,rekord
especially,espeshelé
difference,diferens
light,lít
development,divellepment
federal,federel
former,former
role,ról
pretty,prité
myself,mísellf
view,vú
price,prís
effort,efert
nice,nís
quite,qít
along,along
voice,vois
finally,fínelé
department,dipartment
either,íther
toward,tooword
leader,léder
because,bikauz
photo,fótó
wear,wair
space,spás
project,projekkt
return,riturn
position,posishen
special,speshel
million,milyen
film,film
need,néd
major,májer
type,típ
town,toun
article,artikel
road,ród
form,form
chance,chans
drug,drug
economic,ekenomik
situation,sitúáshen
choose,chooz
practice,praktis
cause,kauz
happy,hapé
science,síens
join,join
teach,téch
early,urlé
develop,divellep
share,shair
yourself,yorsellf
carry,karré
clear,klér
brother,bruther
matter,mater
dead,ded
image,imij
star,star
cost,kost
simply,simplé
post,póst
society,sosíeté
picture,pikcher
piece,pés
paper,páper
energy,enerjé
personal,persenel
building,bilding
military,militery
open,ópen
doctor,dokter
activity,aktivité
exactly,exaktlé
American,Ameriken
media,médíe
miss,mis
evidence,evidens
product,produkt
realize,réelíz
save,sáv
arm,arm
technology,teknolejé
catch,kach
comment,komennt
look,luuk
term,turm
color,kuler
cover,kuver
describe,diskríb
guess,ges
choice,chois
source,sors
mom,mom
soon,soon
director,direkktlé
international,internashenel
rule,rool
campaign,kampán
ground,ground
election,elekkshen
face,fás
uh,u
check,chek
page,páj
fight,fít
itself,itsellf
test,test
patient,pashens
produce,prodús
certain,surten
whatever,wotevver
half,haaf
video,vidéó
support,suport
throw,thhró
third,thhurd
care,kair
rest,rest
recent,résent
available,aválebel
step,step
ready,redé
opportunity,opertúneté
official,ofishel
oil,oil
call,kaul
organization,orgenízáshen
character,karrekter
single,singgel
current,kurrent
likely,líklé
county,kuntré
future,fúcher
dad,dad
whose,hooz
less,les
shoot,shoot
industry,industré
second,sekend
list,list
general,generel
stuff,stuf
figure,figer
attention,atennshen
forget,forgett
risk,risk
no,nó
focus,fókus
short,short
fire,fír
dog,dog
red,redé
hair,hair
point,point
condition,kondishen
wall,waul
daughter,dauter
before,bifor
deal,dél
author,authher
truth,troothh
upon,upon
husband,husbend
period,péréed
series,séréz
order,order
officer,ofiser
close,klós
land,land
note,nót
computer,kompúter
thought,thhaut
economy,ikonemé
goal,gól
bank,bangk
behavior,bihávyer
sound,sound
deal,dél
certainly,surtenlé
nearly,nérlé
increase,inkrés
act,akt
north,northh
well,wel
blood,blud
culture,kultcher
medical,medikel
OK,OK
everybody,evrébodé
top,top
difficult,difikelt
close,klóz
language,langgwij
window,windó
response,rispons
population,popúláshen
lie,lí
tree,tré
park,park
worker,wurker
draw,drau
plan,plan
drop,drop
push,puush
earth,urthh
cause,kauz
per,pur
private,prívet
tonight,toonít
race,rás
than,than
letter,leter
other,uther
gun,gun
simple,simpel
course,kors
wonder,wunder
involve,involv
hell,hel
poor,puur
each,éch
answer,anser
nature,nácher
administration,administráshen
common,komen
no,nó
hard,hard
message,mesij
song,song
enjoy,enjoi
similar,similer
congress,konggress
attack,atak
past,past
hot,hot
seek,sék
amount,amount
analysis,analesis
store,stor
defense,difens
bill,bil
like,lík
cell,sel
away,awá
performance,performans
hospital,hospitel
bed,bed
board,bord
protect,prótekkt
century,senchúré
summer,sumer
material,matéréel
individual,individúel
recently,résentlé
example,exampel
represent,reprizent
fill,fil
state,stát
place,plás
animal,animel
fail,fál
factor,faktor
natural,nacherel
sir,sur
agency,ágensé
usually,úzhelé
significant,signifikent
help,help
ability,abilité
mile,míl
statement,státment
entire,entír
democrat,demekrat
floor,flor
serious,séréus
career,kerér
dollar,doler
vote,vót
sex,seks
compare,kompair
south,southh
forward,forwerd
subject,subjekkt
financial,fínanshel
identify,ídenntifí
beautiful,bútifel
decade,dekád
bit,bit
reduce,ridús
sister,sister
quality,qoleté
quickly,qiklé
act,akt
press,pres
worry,wurré
accept,akseppt
enter,enter
mention,menshen
sound,sound
thus,thus
plant,plant
movement,moovment
scene,sén
section,sekshen
treatment,trétment
wish,wish
benefit,benefit
interesting,intresting
west,west
candidate,kandidát
approach,apróch
determine,diturmin
resource,résors
claim,klám
answer,anser
prove,proov
sort,sort
enough,inuf
size,síz
somebody,sumbodé
knowledge,nolij
rather,rather
hang,hang
sport,sport
tv,TV
loss,los
argue,argú
left,left
note,nót
meeting,méting
skill,skil
card,kard
feeling,féling
despite,dispít
degree,digré
crime,krím
that,that
sign,sín
occur,okur
imagine,imajin
vote,vót
near,nér
king,king
box,boks
present,prezennt
figure,figer
seven,seven
foreign,forrin
laugh,laf
disease,diséz
lady,ládé
beyond,biyond
discuss,diskus
finish,finish
design,disín
concern,konsurn
ball,baul
east,ést
recognize,rekegníz
apply,aplí
prepare,pripair
network,netwurk
huge,húj
success,suksess
district,distrikt
cup,kup
name,nám
physical,fizikel
growth,gróthh
rise,ríz
hi,hí
standard,standerd
force,fors
sign,sín
fan,fan
theory,thhéré
staff,staf
hurt,hurt
legal,légel
September,Septemmber
set,set
outside,outsíd
et,et
strategy,stratejé
clearly,klérlé
property,properté
lay,lá
final,fínel
authority,authhorité
perfect,purfekkt
method,methhed
region,réjen
since,sins
impact,impakt
indicate,indikát
safe,sáf
committee,comité
supposed,supózd
dream,drém
training,tráning
shit,shit
central,sentrel
option,opshen
eight,át
particularly,pertikyelerlé
completely,komplétlé
opinion,opinyen
main,mán
ten,ten
interview,intervú
exist,exist
remove,rimoov
dark,dark
play,plás
union,únéen
professor,professer
pressure,presher
purpose,purpes
stage,stáj
blue,bloo
herself,hursellf
sun,sun
pain,pán
artist,artist
employee,emploieé
avoid,avoid
account,akount
release,rilés
fund,fund
environment,envírement
treat,trét
specific,spesifik
version,vurzhen
shot,shot
hate,hát
reality,réaleté
visit,vizit
club,klub
justice,justis
river,river
brain,brán
memory,memeré
rock,rok
talk,tauk
camera,kamra
global,glóbel
various,vairéus
arrive,arrív
notice,nótis
bit,bit
detail,détál
challenge,chalenj
argument,argúment
lot,lot
nobody,nóbodé
weapon,wepen
best,best
station,stáshen
island,íland
absolutely,abselootlé
instead,instedd
discussion,diskushen
instead,instedd
affect,afekkt
design,disín
little,litel
anyway,enéwá
respond,rispond
control,kontról
trouble,trubel
conversation,konversáshen
manage,manij
close,clós
date,dát
public,publik
army,armé
top,top
post,póst
charge,charj
seat,sét
assume,asúm
writer,ríter
perform,perform
credit,kredit
green,grén
marriage,marrij
operation,operáshen
indeed,indéd
sleep,slép
necessary,nesesery
reveal,rivél
agent,ágent
access,aksess
bar,bar
debate,dibát
leg,leg
contain,kontán
beat,bét
cool,kool
democratic,demekratik
cold,kóld
glass,glas
improve,improov
adult,adult
trade,trád
religious,rilijus
head,hed
review,rivú
kind,kínd
address,adress
association,asóséáshen
measure,mezher
stock,stok
gas,gas
deep,dép
lawyer,lauyer
production,produkshen
relate,rilát
middle,midel
management,manijment
original,operáshen
victim,orrijenel
cancer,kanser
speech,spéch
particular,pertikyeler
trial,tríel
none,non
item,ítem
weight,wát
tomorrow,toomorró
step,step
positive,pozetiv
form,form
citizen,sitizen
study,studé
trip,trip
establish,establish
executive,exekkútiv
politics,poletikz
stick,stik
customer,kustemer
manager,manijer
rather,rather
publish,publish
popular,popúler
sing,sing
ahead,ahed
conference,konferens
total,tótel
discover,diskuver
fast,fast
base,bás
direction,dírekkshen
sunday,Sundá
maintain,mántán
past,past
majority,majorrité
peace,pés
dinner,diner
partner,partner
user,úzer
above,abuv
fly,flí
bag,bag
therefore,thairfor
rich,rich
individual,individúel
tough,tuf
owner,óner
shall,shal
inside,insíd
voter,vóter
tool,tool
June,Joon
far,far
may,má
mountain,mounten
range,ránj
coach,kóch
fear,fér
Friday,Frídá
attorney,aturné
unless,unless
nor,nor
expert,ekspurt
structure,strukcher
budget,budjet
insurance,inshuurens
text,tekst
freedom,frédem
crazy,krázé
reader,réder
style,stíl
through,thhroo
march,march
machine,mashén
November,Nóvember
generation,generáshen
income,inkum
born,born
admit,admit
hello,heló
onto,ontoo
sea,sé
okay,OK
mouth,mouthh
throughout,thhroo-out
own,ón
test,test
web,web
shake,shák
threat,thhret
solution,solooshen
shut,shut
down,doun
travel,travel
scientist,síentist
hide,híd
obviously,obvéuslé
refer,rifur
alone,alón
drink,dringk
investigation,invesstigáshen
senator,seneter
unit,únit
photograph,fótógraf
July,Joolí
television,televizhen
key,ké
sexual,seksúel
radio,rádéó
prevent,privennt
once,wuns
modern,modern
senate,senet
violence,víelens
touch,tuch
feature,fécher
audience,audéens
evening,évning
whom,hoom
front,frunt
hall,haul
task,task
score,skor
skin,skin
suffer,sufer
wide,wíd
spring,spring
experience,ekspéréens
civil,sivel
safety,sáfté
weekend,wékennd
while,wíl
worth,wurthh
title,títel
heat,hét
normal,normel
hope,hóp
yard,yard
finger,fingger
tend,tend
mission,mishen
eventually,evennchooelé
participant,partisipent
hotel,hótell
judge,juj
pattern,patern
break,brák
institution,institúshen
faith,fáthh
professional,professenel
reflect,reflekkt
folk,fók
surface,surfis
fall,faul
client,klíent
edge,ej
traditional,tradishenel
council,kounsel
device,divís
firm,furm
environmental,envíremenntel
responsibility,risponsibileté
chair,chair
internet,internett
October,Október
by,bí
funny,funé
immediately,imédéetlé
investment,invesstment
ship,ship
effective,efekktiv
previous,prévéus
content,kontennt
consumer,konsúmer
element,eliment
nuclear,núklér
spirit,spirit
directly,dírekktlé
afraid,afrád
define,difín
handle,handel
track,trak
run,run
wind,wind
lack,lak
cost,kost
announce,anouns
journal,jurnel
heavy,hevé
ice,ís
collection,kolekkshen
feed,féd
soldier,sóljer
just,just
governor,guverner
fish,fish
shoulder,shólder
cultural,kulcherel
successful,suksessfel
fair,fair
trust,trust
suddenly,sudenlé
future,fúcher
interested,intrested
deliver,diliver
saturday,Saterdá
editor,editer
fresh,fresh
anybody,enébodé
destroy,distroi
claim,klám
critical,kritikel
agreement,agrément
powerful,pouerfel
researcher,résurcher
concept,konseppt
willing,wiling
band,band
marry,marré
promise,promis
easily,ézilé
restaurant,resteront
league,lég
senior,sénéer
capital,kapitel
anymore,enémor
april,Aprel
potential,potennshel
etc,etc.
quick,qik
magazine,magezén
status,státus
attend,atennd
replace,riplás
due,dú
hill,hil
kitchen,kichen
achieve,achév
screen,skrén
generally,jenerelé
mistake,misták
along,along
strike,strík
battle,batel
spot,spot
basic,básik
very,verré
corner,korner
target,target
driver,dríver
beginning,bégining
religion,rilijen
crisis,krísis
count,kount
museum,múséem
engage,en-gáj
communication,komúnikáshen
murder,murder
blow,bló
object,objekkt
express,ekspress
huh,hu
encourage,enkurrij
matter,mater
blog,blog
smile,smíl
return,riturn
belief,biléf
block,blok
debt,det
fire,fír
labor,láber
understanding,understanding
neighborhood,náberhuud
contract,kontrakt
middle,midel
species,spéshéz
additional,adishenel
sample,sampel
involved,involvd
inside,insíd
mostly,móstlé
path,pathh
concerned,konsurnd
apple,apel
conduct,kondukt
god,god
wonderful,wunderfel
library,líbreré
prison,prizen
hole,hól
attempt,atemmpt
complete,komplét
code,kód
sales,sálz
gift,gift
refuse,rifúz
increase,inkrés
garden,garden
introduce,intredús
roll,ról
Christian,Kristéen
definitely,definetlé
like,lík
lake,lák
turn,turn
sure,shuur
earn,urn
plane,plán
vehicle,véekel
examine,examin
application,aplikáshen
thousand,thhouzend
coffee,kofé
gain,gán
result,riszult
file,fíl
billion,bilyen
reform,riform
ignore,ignor
welcome,welkem
gold,góld
jump,jump
planet,planet
location,lócáshen
bird,burd
amazing,amázing
principle,prinsipel
promote,promót
search,surch
nine,nín
alive,alív
possibility,posibileté
sky,skí
otherwise,utherwíz
remind,rimínd
healthy,helthhy
fit,fit
horse,hors
advantage,advantij
commercial,komershel
steal,stél
basis,básis
context,kontekkst
highly,hílé
Christmas,Krismes
strength,strengthh
move,moov
Monday,Mundá
mean,mén
alone,alón
beach,bréch
survey,survá
writing,ríting
master,master
cry,krí
scale,skál
resident,rezident
football,fuutbaul
sweet,swét
failure,fályer
reporter,riporter
commit,komit
fight,fít
one,wun
associate,asóséát
vision,vizhen
function,funkshen
truly,troolé
sick,sik
average,averij
human,húmen
stupid,stúpid
will,wil
Chinese,Chínéz
connection,konekkshen
camp,kamp
stone,stón
hundred,hundred
key,ké
truck,truk
afternoon,afternoon
responsible,risponsebel
secretary,seksúel
apparently,aparentlé
smart,smart
southern,suthern
totally,tótelé
western,western
collect,kolekkt
conflict,konflikt
burn,burn
learning,lurning
wake,wák
contribute,kontribút
ride,ríd
british,British
following,folóing
order,order
share,shair
newspaper,núzpáper
foundation,foundáshen
variety,varríeté
perspective,perspekktiv
document,dokúment
presence,prezens
stare,stair
lesson,lesen
limit,limit
appreciate,apréshéát
complete,komplét
observe,obsurv
currently,kurrentlé
hundred,hundred
fun,funkshen
crowd,kroud
attack,atak
apartment,apartment
survive,survív
guest,gest
soul,sól
protection,prótekkshen
intelligence,intellijens
yesterday,yesterdá
somewhere,sumwair
border,border
reading,réding
terms,turmz
leadership,lédership
present,prezent
chief,chéf
attitude,atitúd
start,start
um,um
deny,déní
website,websít
seriously,séréuslé
actual,aktúel
recall,rékaul
fix,fiks
negative,negetiv
connect,konekkt
distance,distens
regular,regúler
climate,klímet
relation,riláshen
flight,flít
dangerous,dánjerus
boat,bót
aspect,aspekkt
grab,grab
until,until
favorite,fáverit
like,lík
January,Janúeré
independent,indepenndent
volume,volúm
am,am
lots,lotz
front,frunt
online,onlín
theater,thhéeter
speed,spéd
aware,awair
identity,ídennteté
demand,dimand
extra,ekstra
charge,charj
guard,gard
demonstrate,demenstrát
fully,fuulé
tuesday,Túzdá
facility,fasileté
farm,farm
mind,mínd
fun,funkshen
thousand,thhouzend
August,August
hire,hír
light,lít
link,link
shoe,shoo
institute,institút
below,biló
living,living
european,Úrepéen
quarter,qorter
basically,básikelé
forest,forrest
multiple,multipel
poll,pól
wild,wíld
measure,mezher
twice,twís
cross,kros
background,bakround
settle,setel
winter,winter
focus,fókus
presidential,prezidenshel
operate,operát
fuck,fuk
view,vú
daily,dálé
shop,shop
above,abuv
division,divizhen
slowly,slólé
advice,advís
reaction,réakshen
injury,injeré
it,it
ticket,tiket
grade,grád
wow,wou
birth,burth
painting,pánting
outcome,outkum
enemy,enemé
damage,damij
being,béing
storm,storm
shape,sháp
bowl,ból
commission,komishen
captain,kapten
ear,ér
troop,troop
female,fémál
wood,wuud
warm,worm
clean,klén
lead,léd
minister,minister
neighbor,náber
tiny,tíné
mental,mentel
software,softwair
glad,glad
finding,fínding
lord,lord
drive,drív
temperature,temperecher
quiet,qíet
spread,spred
bright,brít
cut,kut
influence,inflooens
kick,kik
annual,anúel
procedure,prósédyer
respect,rispekkt
wave,wáv
tradition,tradishen
threaten,thhreten
primary,prímeré
strange,stránj
actor,akter
blame,blám
active,aktiv
cat,kat
depend,dipennd
bus,bus
clothes,clóthz
affair,afair
contact,kontakt
category,kategré
topic,topik
victory,viktery
direct,dírekkt
towards,toowordz
map,map
egg,eg
ensure,enshuur
general,jenerel
expression,ekspreshen
past,past
session,seshen
competition,kompetishen
possibly,poseblé
technique,teknék
mine,mín
average,averij
intend,intennd
impossible,imposebel
moral,morel
academic,akedemmik
wine,wín
approach,apróch
somehow,sumhou
gather,gather
scientific,síentifik
african,Afriken
cook,kuuk
participate,partisipát
gay,gá
appropriate,aprópréet
youth,úthh
dress,dres
straight,strát
weather,wether
recommend,rekemennd
medicine,medisen
novel,novel
obvious,obvéus
thursday,Thurzdá
exchange,ekschánj
explore,eksplor
extend,ekstennd
bay,bá
invite,invít
tie,tí
ah,aa
belong,bilong
obtain,obtán
broad,braud
conclusion,konklooshen
progress,prógress
surprise,serpríz
assessment,asessment
smile,smíl
feature,fécher
cash,cash
defend,difennd
pound,pound
correct,korrekkt
married,marréd
pair,pair
slightly,slítlé
loan,lón
village,vilij
half,haaf
suit,soot
demand,dimand
historical,historrikel
meaning,méning
attempt,atemmpt
supply,suplí
lift,lift
ourselves,oursellvz
honey,huné
bone,bón
consequence,konsiqens
unique,únék
next,nekst
regulation,regúláshen
award,aword
bottom,botem
excuse,ekskús
familiar,familéer
classroom,clasroom
search,surch
reference,referens
emerge,imerj
long,long
lunch,lunch
judge,juj
ad,ad
desire,disír
instruction,instrukshen
emergency,imurjensé
thinking,thhingking
tour,for
French,French
combine,kombín
moon,moon
sad,sad
address,adress
december,Désemmber
anywhere,enéwair
chicken,chiken
fuel,fúel
train,trán
abuse,abús
construction,konstrukshen
wednesday,Wedensdá
link,lingk
deserve,dizurv
famous,fámus
intervention,intervennshen
grand,grand
visit,vizit
confirm,konfurm
lucky,luké
insist,insist
coast,kóst
proud,proud
cover,kuver
fourth,forthh
cop,kop
angry,anggré
native,nátiv
supreme,sooprém
baseball,básbaul
but,but
email,émál
accident,aksident
front,frunt
duty,dúté
growing,gróing
struggle,strugel
revenue,revenú
expand,ekspand
chief,chéf
launch,launch
trend,trend
ring,ring
repeat,ripét
breath,brethh
inch,inch
neck,nekst
core,kor
terrible,terribel
billion,bilyen
relatively,reletivlé
complex,komplekks
press,pres
miss,mis
slow,sló
soft,soft
generate,generát
extremely,ekstrémlé
last,last
drink,dringk
forever,forevver
corporate,korperet
deep,dép
prefer,prifur
except,ekseppt
cheap,chép
literature,litericher
direct,dírekkt
mayor,mair
male,mál
importance,importens
record,rikord
danger,dánjer
emotional,imóshenel
knee,né
ass,as
capture,kapcher
traffic,trafik
fucking,fuking
outside,outsíd
now,nou
train,trán
plate,plát
equipment,iqipment
select,selekkt
file,fíl
studio,stúdéó
expensive,ekspennsiv
secret,sékret
engine,enjin
adopt,adopt
luck,luk
via,víe
pm,PM
panel,panel
hero,héró
circle,surkel
critic,kritik
solve,solv
busy,bizé
episode,episód
back,bak
check,chek
requirement,riqírment
politician,politishen
rain,rán
colleague,kolég
disappear,disapér
beer,bér
predict,pridikt
exercise,eksersíz
tired,tírd
democracy,demokresé
ultimately,ultimetlé
setting,seting
honor,oner
works,wurkz
unfortunately,unforchenetlé
theme,thhém
issue,isú
male,mál
clean,klén
united,úníted
pool,pool
educational,edúkashenel
empty,empté
comfortable,komfertebel
investigate,invesstigát
useful,úsfel
pocket,poket
digital,dijitel
plenty,plenté
entirely,entírlé
fear,fér
afford,aford
sugar,shuuger
teaching,téching
conservative,konsurvetiv
chairman,chairmen
error,errer
bridge,brij
tall,taul
specifically,spesifikely
flower,flour
though,thhroo
universe,Únivurs
live,lív
acknowledge,aknolij
limit,limit
coverage,kuverij
crew,kroo
locate,lókát
balance,balens
equal,éqel
lip,lip
lean,lén
zone,zón
wedding,weding
copy,kopé
score,skor
joke,jók
used,úzd
clear,klér
bear,bair
meal,mél
review,rivú
minority,mínoreté
sight,sít
sleep,slép
Russian,Rushen
dress,dres
release,rilés
soviet,Sovéet
profit,profit
challenge,chalinj
careful,kairfel
gender,jender
tape,táp
ocean,óshen
unidentified,unídenntifíd
host,hóst
grant,grant
circumstance,surkemstans
late,lát
boss,bos
declare,diklair
domestic,domesstik
tea,té
organize,orgeníz
english,Innglish
neither,níther
either,íther
official,ofishel
surround,surround
manner,maner
surprised,serprízd
percentage,persenntij
massive,masiv
cloud,kloud
winner,winer
honest,onest
standard,standerd
propose,propóz
rely,rilí
plus,plus
sentence,sentens
request,riqesst
appearance,apérens
regarding,rigarding
excellent,ekselent
criminal,criminel
salt,solt
beauty,búté
bottle,botel
component,kompónent
under,under
fee,fé
jewish,jooish
yours,yorz
dry,drí
dance,dans
shirt,shurt
tip,tip
plastic,plastik
Indian,Indéen
mark,mark
tooth,toothh
meat,mét
stress,stres
illegal,ilégel
significantly,signifikentlé
february,Febrúeré
constitution,konstitúshen
definition,definishen
uncle,ungkel
metal,metel
album,albem
self,self
suppose,supóz
investor,invesster
fruit,froot
holy,hólé
desk,desk
eastern,éstern
valley,valé
largely,larjlé
abortion,aborshen
chapter,chapter
commitment,comitment
celebrate,selebrát
arrest,arresst
dance,dans
prime,prím
urban,urben
internal,inturnel
bother,bother
proposal,propózel
shift,shift
capacity,kapaseté
guilty,gilté
warn,worn
influence,inflooens
weak,wék
except,ekseppt
catholic,Kathhelik
nose,nóz
variable,vairéebel
convention,konvennshen
jury,jooré
root,root
incident,insident
climb,klím
hearing,héring
everywhere,evréwair
payment,páment
bear,bair
conclude,konklood
scream,skrém
surgery,surjeré
shadow,shadó
witness,witnes
increasingly,inkrésinglé
chest,chest
amendment,amennd
paint,pánt
secret,sékret
complain,komplán
extent,ekstennt
pleasure,plezher
nod,nod
holiday,holidá
super,sooper
talent,talent
necessarily,neseserrilé
liberal,larjlé
expectation,liberel
ride,ríd
accuse,akúz
knock,nok
previously,prévéuslé
wing,wing
corporation,korperáshen
sector,sekter
fat,fat
experiment,eksperiment
match,mach
thin,thhin
farmer,farmer
rare,rair
English,Ingglish
confidence,konfidens
bunch,bunch
bet,bet
cite,sít
northern,northern
speaker,spéker
breast,brest
contribution,kontribúshen
leaf,léf
creative,kréátiv
interaction,interakshen
hat,hat
doubt,dout
promise,promis
pursue,pursú
overall,óveraul
nurse,nurs
question,qeschen
long-term,long-turm
gene,jén
package,pakij
weird,wéerd
difficulty,difikelté
hardly,hardlé
daddy,dadé
estimate,estimet
list,list
era,éra
comment,komennt
aid,ád
vs,vurses
invest,invesst
personally,pursenelé
notion,nóshen
explanation,eksplenáshen
airport,airport
chain,chán
expose,ekspós
lock,lok
convince,konvins
channel,chanel
carefully,kairfelé
tear,tér
estate,estát
initial,inishel
offer,ofer
purchase,purches
guide,gíd
forth,forthh
his,hiz
bond,bond
birthday,burthdá
travel,travel
pray,prá
improvement,improovment
ancient,ánshent
ought,aut
escape,eskáp
trail,trál
brown,broun
fashion,fashen
length,lenthh
sheet,shét
funding,funding
meanwhile,ménwíl
fault,folt
barely,bairlé
eliminate,iliminát
motion,móshen
essential,esennshel
apart,apart
combination,kombináshen
limited,limited
description,diskripshen
mix,miks
snow,snó
implement,implement
pretty,prité
proper,proper
part,part
marketing,marketing
approve,aproov
other,uther
bomb,bom
slip,slip
regional,réjenel
lack,lak
muscle,musel
contact,kontrakt
rise,ríz
false,fols
likely,líklé
creation,kréáshen
typically,tipikelé
spending,spending
instrument,instrement
mass,mas
far,far
thick,thhik
kiss,kis
increased,inkrésd
inspire,inspír
separate,seperet
noise,noiz
yellow,yeló
aim,ám
e-mail,émál
cycle,síkel
signal,signel
app,ap
golden,gólden
reject,rijekkt
inform,inform
perception,perseppshen
visitor,viziter
cast,kast
contrast,kontrast
judgment,jujment
mean,mén
rest,rest
representative,reprezenntetiv
pass,pas
regime,rázhém
merely,mérlé
producer,prodúser
whoa,whóa
route,root
lie,lí
typical,tipikel
analyst,anelist
account,akount
elect,elekkt
smell,smel
female,fémál
living,living
disability,disebilité
comparison,comparrisen
hand,hand
rating,ráting
campus,kampes
assess,asess
solid,solid
branch,branch
mad,mad
somewhat,sumwot
gentleman,jentelmen
opposition,opezishen
fast,fast
suspect,suspekkt
land,land
hit,hit
aside,asíd
athlete,athhlét
opening,ópening
prayer,prair
frequently,fréqentlé
employ,emploi
basketball,basketbaul
existing,existing
revolution,revelooshen
click,klik
emotion,imóshen
fuck,fuk
platform,platform
behind,bihínd
frame,frám
appeal,apél
quote,qót
potential,potennshel
struggle,strugel
brand,brand
enable,enábel
legislation,legisláshen
addition,adishen
lab,lab
oppose,opóz
row,ró
immigration,imigráshen
asset,asett
observation,observáshen
online,onlín
taste,tást
decline,diklín
attract,atrakt
ha,haa
for,for
household,houshóld
separate,seperát
breathe,bréth
existence,existens
mirror,mirrer
pilot,pílet
stand,stand
relief,réléf
milk,milk
warning,worning
heaven,heven
flow,fló
literally,literelé
quit,qit
calorie,kaleré
seed,séd
vast,vast
bike,bík
German,Germen
employer,emploier
drag,drag
technical,teknikel
disaster,disaster
display,displá
sale,sál
bathroom,bathhroom
succeed,sukséd
consistent,konsistent
agenda,ajennda
enforcement,enforsment
diet,díet
mark,mark
silence,sílens
journalist,jurnelist
bible,bíbel
queen,qén
divide,divíd
expense,ekspenns
cream,krém
exposure,ekspózher
priority,príorrité
soil,soil
angel,ánjel
journey,jurné
trust,trust
relevant,relevent
tank,tangk
cheese,chéz
schedule,shejool
bedroom,bedroom
tone,tón
selection,selekkshen
date,dát
perfectly,purfekktlé
wheel,wél
gap,gap
veteran,veteren
below,béló
disagree,disagré
characteristic,karakteristik
protein,prótén
resolution,rezelooshen
whole,hól
regard,régard
fewer,fúer
engineer,enginér
walk,wauk
dish,dish
waste,wást
print,print
depression,dépreshen
dude,dood
fat,fat
present,prezent
upper,uper
wrap,rap
CEO,CEO
visual,vizhooel
initiative,inishetiv
rush,rush
gate,gát
slow,sló
whenever,wenevver
entry,entré
japanese,Japenéz
gray,grá
assistance,asistens
height,hít
compete,kompét
rule,rool
due,dú
essentially,esennshelé
benefit,benefit
phase,fáz
conservative,konsurvetiv
recover,rékuver
criticism,kritisizem
faculty,fakelté
achievement,achévment
alcohol,alkehol
therapy,thherrepé
offense,ofenns
touch,tuch
killer,kiler
personality,pursenaleté
landscape,landskáp
deeply,déplé
reasonable,rézenebel
soon,soon
suck,suk
transition,tranzishen
fairly,fairlé
column,kolum
wash,wosh
button,buten
opponent,opónent
pour,por
immigrant,imigrent
first,furst
distribution,distribúshen
golf,golf
pregnant,pregnent
unable,unábel
alternative,olturnetiv
favorite,fáveret
stop,stop
violent,víelent
portion,porshen
acquire,aqír
suicide,sooisíd
stretch,strech
deficit,defisit
symptom,simptem
solar,sóler
complaint,kopmplánt
capable,kápebel
analyze,anelíz
scared,skaird
supporter,suporter
dig,dig
twenty,twenté
pretend,pritennd
philosophy,filosefé
childhood,chíldhuud
lower,lówer
well,wel
outside,outsíd
dark,dark
wealth,welthh
welfare,welfair
poverty,poverté
prosecutor,prosekúter
spiritual,spiritúel
double,dubel
evaluate,évalúat
mass,mas
Israeli,Izrálé
shift,shift
reply,riplí
buck,buk
display,displá
knife,níf
round,round
tech,tek
detective,ditekktiv
pack,pak
disorder,disorder
creature,krécher
tear,tair
closely,klóslé
industrial,industréel
housing,houzing
watch,woch
chip,chip
regardless,rigardles
numerous,númerus
tie,tí
range,ránj
command,komand
shooting,shooting
dozen,duzen
pop,pop
layer,láer
bread,bred
exception,ekseppshen
passion,pashen
block,blok
highway,híwá
pure,pyuur
commander,komander
extreme,ekstrém
publication,publikáshen
vice,vís
fellow,feló
win,win
mystery,misteré
championship,champéen
install,instaul
tale,tál
liberty,liberté
host,hóst
beneath,binéthh
passenger,pasenjer
physician,fizishen
graduate,gradúet
sharp,sharp
substance,substens
atmosphere,atmesfér
stir,stur
Muslim,Muuzlim
passage,pasij
pepper,peper
emphasize,emphesíz
cable,kábel
square,sqair
recipe,resipé
load,lód
beside,bisíd
roof,roof
vegetable,vejtebel
accomplish,akumplish
silent,sílent
habit,habit
discovery,diskuveré
total,tótel
recovery,rikuveré
DNA,DNA
gain,gán
territory,turiteré
girlfriend,gurlfrend
consist,konsist
straight,strát
surely,shuurlé
proof,proof
nervous,nurvus
immediate,imédéet
parking,parking
sin,sin
unusual,unúsúel
rice,rís
engineering,enjinéring
advance,advans
interview,intervú
bury,burré
still,stil
cake,kák
anonymous,anonemus
flag,flag
contemporary,kontemmperery
good,guud
jail,jál
rural,ruurel
match,mach
coach,kóch
interpretation,inturpretáshen
wage,wáj
breakfast,brekfest
severe,sivér
profile,prófíl
saving,sáving
brief,bréf
adjust,ajust
reduction,ridukshen
constantly,konstentlé
assist,asist
bitch,bich
constant,konstent
permit,permit
primarily,prímerrelé
entertainment,entertánment
shout,shout
academy,akademé
teaspoon,téspoon
dream,drém
transfer,transfur
usual,úzhooel
ally,alí
clinical,klinikel
count,kount
swear,swair
avenue,avenú
priest,prést
employment,emploiment
waste,wást
relax,rilaks
owe,ó
transform,transform
grass,gras
narrow,narró
ethnic,ethhnik
scholar,skoler
edition,edishen
abandon,abanden
practical,praktikel
infection,infekkshen
musical,músikel
suggestion,sujeschen
resistance,risistens
smoke,smók
prince,prins
illness,ilness
embrace,embrás
trade,trád
republic,ripublik
volunteer,volentér
target,target
general,jenerel
evaluation,ivalúáshen
mine,mín
opposite,opesit
awesome,ausum
switch,swich
black,blak
Iraqi,Irraki
iron,írn
perceive,pursév
fundamental,fundemenntel
phrase,fráz
assumption,asumpshen
sand,sand
designer,disíner
planning,planing
leading,léding
mode,mód
track,trak
respect,rispekkt
widely,wídlé
occasion,okázhen
pose,póz
approximately,aproksimetlé
retire,ritír
elsewhere,elswair
festival,festivel
cap,kap
secure,sikúr
attach,atach
mechanism,mekenizm
intention,intenshen
scenario,senairéó
yell,yel
incredible,inkreddibel
spanish,Spanish
strongly,stronglé
racial,ráshel
transportation,transportáshen
pot,pot
boyfriend,boifrend
consideration,konsideráshen
prior,príer
retirement,ritírment
rarely,rairlé
joint,joint
doubt,dout
preserve,prisurv
enormous,inormus
cigarette,sigerett
factory,faktery
valuable,valúbel
clip,klip
electric,ilekktrik
giant,jíent
slave,sláv
submit,submit
effectively,efekktivlé
Christian,Kristéen
monitor,moniter
wonder,wunder
resolve,risolv
remaining,rimaining
participation,partisipáshen
stream,strém
rid,rid
origin,orrijin
teen,tén
particular,partikúler
congressional,kongreshenel
bind,bínd
coat,kót
tower,touer
license,lísens
twitter,twiter
impose,impóz
innocent,inesent
curriculum,kurrikúlem
mail,mál
estimate,estimet
insight,insít
investigator,invesstigáter
virus,víres
hurricane,hurrikán
accurate,akúret
provision,provizhen
strike,strík
communicate,komunikát
cross,kros
vary,vairé
jacket,jaket
increasing,inkrésing
green,grén
equally,éqelé
pay,pá
in,in
light,lít
implication,implikáshen
fiction,fikshen
protest,prótesst
mama,mama
imply,implí
twin,twin
pant,pant
another,anuther
ahead,ahed
bend,bend
shock,shok
exercise,eksersíz
criteria,krítérée
arab,areb
dirty,durté
ring,ring
toy,toi
potentially,potennshelé
assault,asolt
peak,pék
anger,angger
boot,boot
dramatic,dramatik
peer,pér
enhance,enhans
math,mathh
slide,slíd
favor,fáver
pink,pingk
dust,dust
aunt,ant
lost,lost
prospect,prospekkt
mood,mood
mm-hmm,mm-hmm
settlement,setelment
rather,rather
justify,justifí
depth,depthh
juice,joos
formal,formel
virtually,vurtúelé
gallery,galery
tension,tenshen
throat,thhrót
draft,draft
reputation,repútáshen
index,indeks
normally,normelé
mess,mes
joy,joi
steel,stél
motor,móter
enterprise,enterpríz
salary,saleré
moreover,moróver
giant,jíent
cousin,kuzen
ordinary,ordeneré
graduate,gradúet
dozen,duzen
evolution,évelooshen
so-called,só-kauld
helpful,helpfel
competitive,kompettetiv
lovely,luvlé
fishing,fishing
anxiety,angzíeté
professional,profeshenel
carbon,karben
essay,esá
Islamic,Islamik
honor,oner
drama,draame
odd,od
evil,ével
stranger,stránjer
belt,belt
urge,urj
toss,tos
fifth,fifthh
formula,formúle
potato,potátó
monster,monster
smoke,smók
telephone,telefón
rape,ráp
palm,paam
jet,jet
navy,návé
excited,eksíted
plot,plot
angle,anggel
criticize,kritisíz
prisoner,prizener
discipline,diseplin
negotiation,negóshéáshen
damn,dam
butter,buter
desert,dezert
complicated,komplikáted
prize,príz
blind,blínd
assign,asín
bullet,bulet
awareness,awairnes
sequence,séqens
illustrate,ilustrát
drop,drop
pack,pak
provider,províder
fucking,fuking
minor,miner
activist,aktivist
poem,póem
vacation,vákáshen
weigh,wá
gang,gang
privacy,privesé
clock,klok
arrange,aránj
penalty,penelté
stomach,stomek
concert,konsert
originally,orrijinelé
statistics,statistikz
electronic,elekktronik
properly,properlé
bureau,búró
wolf,wuulf
and/or,and/or
classic,klasik
recommendation,rekomenndáshen
exciting,eksíting
maker,máker
dear,dér
impression,impreshen
broken,bróken
battery,bateré
narrative,narrativ
process,prósess
arise,aríz
kid,kid
sake,sák
delivery,diliveré
forgive,forgiv
visible,visibel
heavily,hevelé
junior,joonéer
rep,rep
diversity,díverseté
string,string
lawsuit,lausoot
latter,later
cute,kút
deputy,depyeté
restore,ristor
buddy,budé
psychological,síkelojikel
besides,bisídz
intense,intens
friendly,frendlé
evil,ével
lane,lán
hungry,hunggré
bean,bén
sauce,saus
print,print
dominate,dominát
testing,testing
trick,trik
fantasy,fantesé
absence,absens
offensive,ofennsiv
symbol,simbel
recognition,rekegnishen
detect,ditekkt
tablespoon,tábelspoon
construct,konstrukt
hmm,hmm
arrest,arresst
approval,aproovel
aids,áds
whereas,wairas
defensive,difennsiv
independence,indepenndens
apologize,apolejíz
top,top
Asian,Ázhen
rose,róz
ghost,góst
involvement,involvment
permanent,purmenent
wire,wír
whisper,wisper
mouse,mous
airline,airlín
founder,founder
objective,objekktiv
nowhere,nówair
alternative,olturnetiv
phenomenon,fenomenen
evolve,évolv
not,not
exact,exakt
silver,silver
cent,sent
universal,únivursel
teenager,ténájer
crucial,krooshel
viewer,vúer
schedule,skedúl
ridiculous,ridikúlus
chocolate,chokelet
sensitive,sensetiv
bottom,botem
grandmother,grandmuther
missile,misíl
roughly,ruflé
constitutional,konstitúshen
adventure,advencher
genetic,jenettik
advance,advans
related,riláted
swing,swing
ultimate,ultimet
manufacturer,manúfakcherer
unknown,unnón
wipe,wíp
crop,krop
survival,servível
line,lín
dimension,dimenshen
resist,risist
request,riqesst
roll,ról
shape,sháp
darkness,darknes
guarantee,garenté
historic,historrik
educator,edúkáter
rough,ruf
personnel,pursenell
race,rás
confront,konfrunt
terrorist,terrerist
royal,roiel
elite,élét
occupy,okúpí
emphasis,emfesis
wet,wet
destruction,distrukshen
raw,rau
inner,iner
proceed,próséd
violate,víelát
chart,chart
pace,pás
finance,fínans
champion,champéen
snap,snap
suspect,suspekkt
advise,advíz
initially,inishelé
advanced,advansd
unlikely,unlíklé
barrier,barréer
advocate,advekát
label,lábel
access,aksess
horrible,horribel
burden,burden
violation,víeláshen
unlike,unlík
idiot,idéet
lifetime,líftím
working,wurking
fund,fund
ongoing,ongóing
react,réakt
routine,rootén
presentation,presentáshen
supply,suplí
gear,gér
photograph,fótógraf
mexican,Meksiken
stadium,stádéum
translate,translát
mortgage,morgij
sheriff,sherrif
clinic,klinik
spin,spin
coalition,kóelishen
naturally,nacherelé
hopefully,hópfelé
mix,miks
menu,menú
smooth,smooth
advertising,advertízing
interpret,interpret
plant,plant
dismiss,dismis
muslim,Muuzlim
apparent,aparrent
arrangement,arránjment
incorporate,inkorperát
split,split
brilliant,briléent
storage,storij
framework,frámwurk
honestly,onestlé
chase,chás
sigh,sí
assure,ashuur
utility,útilité
taste,tást
aggressive,agressiv
cookie,kuuké
terror,terrer
free,fré
worth,wurthh
wealthy,welthé
update,updát
forum,forem
alliance,alíens
possess,poses
empire,empír
curious,kúréus
corn,korn
neither,néther
calculate,kalkúlát
hurry,hurré
testimony,testimené
elementary,elemennteré
transfer,transfer
stake,sták
precisely,presíslé
bite,bít
given,given
substantial,substanshel
depending,dipennding
glance,glans
tissue,tisú
concentration,konsentráshen
developer,divelleper
found,found
ballot,balet
consume,konsúm
overcome,óverkum
biological,bíelojikel
chamber,chámber
similarly,similerlé
stick,stik
dare,dair
developing,divelleping
tiger,tíger
ratio,ráshéó
lover,luver
expansion,ekspanshen
encounter,enkounter
occasionally,okázhenelé
unemployment,unemmploiment
pet,pet
awful,aufel
laboratory,laboreteré
administrator,administer
wind,wínd
quarterback,qorterbak
rocket,roket
preparation,preperáshen
relative,reletiv
confident,konfident
strategic,stratéjik
marine,marrén
quote,qót
publisher,publisher
innovation,ineváshen
highlight,hílít
nut,nut
fighter,fíter
rank,rangk
electricity,elekktriseté
instance,instens
fortune,forchen
freeze,fréz
variation,vairéáshen
armed,armd
negotiate,negóshéát
laughter,lafter
wisdom,wisdem
correspondent,korrespondent
mixture,mikscher
murder,murder
assistant,asistent
retain,ritán